jobs,iptm_ptm,iptm,pDockQ/mpDockQ,average_interface_pae,average_interface_plddt,binding_energy,interface,Num_intf_residues,Polar,Hydrophobic,Charged,contact_pairs, sc, hb, sb, int_solv_en, int_area,pi_score
P16422_and_P16422,0.8774299479387938,0.8705865777361341,0.5975282257656378,4.653314121037457,87.94797413793108,-363.4912634134648,B_C,,,,,,,,,,,
P16422_and_Q9Y5Y6,0.681806203001911,0.7156998273459163,0.38935765414236745,9.773932584269668,61.824863013698604,-1235.5753839544977,B_C,,,,,,,,,,,
P16422_and_P29323,0.6612594172128778,0.7067742039549998,0.3832797684906647,21.089399293286196,73.64615658362992,-2190.161087673552,B_C,,,,,,,,,,,
P16422_and_P63173,0.7149294778798687,0.685266670061036,0.11128990589813205,10.009375,58.539793814432976,-1314.6909061928136,B_C,,,,,,,,,,,
P16422_and_P08238,0.6155698294742569,0.6106934803324154,0.07082141040273328,13.952552552552541,56.99014814814815,-4999.257001466571,B_C,,,,,,,,,,,
P16422_and_P09758,0.5905669676593552,0.5910898523707618,0.3526755774862175,15.305575326215905,69.53165876777253,-1340.5036107041383,B_C,,,,,,,,,,,
P16422_and_6I07,0.5951717452528508,0.5710425799252866,0.22041788615206934,8.32393617021277,55.0915,-1256.8369097180357,B_C,,,,,,,,,,,
P16422_and_Q14126,0.5157003569133226,0.5493924554733765,0.23941182941980022,15.062755905511803,69.94737430167594,-8877.035396993691,B_C,,,,,,,,,,,
P16422_and_P21583,0.5541505543341461,0.5423892875986163,0.22929667877780266,10.613526570048293,65.32728813559322,-999.6754596633587,B_C,,,,,,,,,,,
P16422_and_P17181,0.5231720901074195,0.5237125999208657,0.19069448764920247,16.41039999999999,66.65860927152318,-7842.830916718608,B_C,,,,,,,,,,,
P16422_and_Q04912,0.491967964961087,0.47562165494797737,0.4748188239904025,23.233890436397417,57.474914529914535,-4547.7872015445355,B_C,,,,,,,,,,,
P16422_and_P11717,0.43235105397768714,0.4222903442356092,0.11896263029030364,23.95344827586207,48.29018181818182,-6325.111654421315,B_C,,,,,,,,,,,
P16422_and_P42345,0.46820129878410094,0.41098808846469936,0.08094415301196534,24.382748538011693,61.36955223880599,-6074.474182589904,B_C,,,,,,,,,,,
P16422_and_Q92930,0.4118152221070599,0.362819858311407,0.07618623450602119,15.899036144578297,64.86372413793103,-860.5127957978287,B_C,,,,,,,,,,,
P16422_and_P62942,0.4300988069131051,0.3602198843545191,0.18438389204104425,13.201960784313737,76.30026548672568,-1269.4082358044807,B_C,,,,,,,,,,,
P16422_and_Q7L014,0.35432186081810035,0.3534636146373735,0.25331043184049395,22.699303944315524,62.66665094339623,-7387.574237284412,B_C,,,,,,,,,,,
P16422_and_Q9H5V8,0.3695894375479973,0.3512519246268542,0.11233524897335487,22.67061328790459,62.495056179775304,-1901.0428962800524,B_C,,,,,,,,,,,
P16422_and_Q9P1C3,0.43732076723393454,0.34716646608678564,0.09529129084140116,12.815931372549011,31.962673267326746,-2215.913702281927,B_C,,,,,,,,,,,
P16422_and_Q9P244,0.3460106433932948,0.32814386947464014,0.2304939371006267,21.517367706919966,63.104429824561365,-2347.716795322849,B_C,,,,,,,,,,,
P16422_and_P21860,0.3244721350800745,0.3140344104853823,0.1857203755774343,24.029590017825292,57.38614942528737,-3798.0903543040986,B_C,,,,,,,,,,,
P16422_and_Q9UIW2,0.3178154197199524,0.2907394242683772,0.3897995658129937,26.272754137115808,60.370502793296055,-6648.90885525482,B_C,,,,,,,,,,,
P16422_and_P62829,0.35045921083185133,0.27323933885742857,0.1896351835591998,19.24298724954462,60.502156862745096,-1328.9006948404324,B_C,,,,,,,,,,,
P16422_and_P78504,0.2766784196310332,0.2670194856896877,0.08749736602693782,25.120818505338068,53.04141242937856,-3248.9867053837806,B_C,,,,,,,,,,,
P16422_and_P04156,0.316058001261794,0.2636323792766366,0.18141982208229632,18.18116975748931,58.04857142857141,-465.86672439272115,B_C,,,,,,,,,,,
P16422_and_P61026,0.32565561585658287,0.25900291216196014,0.0949300991091709,17.920303030303007,67.07894409937887,-817.6096446471036,B_C,,,,,,,,,,,
P16422_and_P51153,0.3253605999968896,0.2578564808281834,0.09031723064033359,16.973672055427254,59.554615384615396,-795.2970949366968,B_C,,,,,,,,,,,
P16422_and_Q9ULF5,0.27203732652605095,0.25780519250915745,0.10811334825806189,20.013537117903933,51.0467724867725,-1825.2260735692107,B_C,,,,,,,,,,,
P16422_and_Q13433,0.27074404042543376,0.2542308246196171,0.10244178153675335,23.576072234762957,55.06021582733811,-1980.66728977998,B_C,,,,,,,,,,,
P16422_and_P45880,0.3148856688740162,0.25170681889337215,0.17681675592098162,21.295614035087745,47.924974874371856,-2863.8004787367245,B_C,,,,,,,,,,,
P16422_and_P62266,0.32652971408133924,0.24660360952091667,0.11491593432971894,19.19261992619926,55.63682119205297,-1561.277506550612,B_C,,,,,,,,,,,
P16422_and_Q8IVT5,0.26334239225657774,0.2458242589798736,0.3323333821373641,27.922657657657588,62.816569037656876,-4082.070197582885,B_C,,,,,,,,,,,
P16422_and_A6NM03,0.316001416525348,0.24443914980410292,0.15256943455344682,19.1816831683168,64.08937931034484,-3915.157778338561,B_C,,,,,,,,,,,
P16422_and_P23229,0.3077076122489076,0.24217643587780624,0.1934627645724709,25.73372966207756,57.39211267605632,-2132.3738669997583,B_C,,,,,,,,,,,
P16422_and_Q92692,0.27820823180473736,0.23147050715211148,0.07027318327912228,23.888853503184723,64.18821839080461,-2325.416713784093,B_C,,,,,,,,,,,
P16422_and_Q92928,0.30031167334515485,0.2285977069902143,0.07398561995170518,19.367814960629907,60.11092715231787,-1020.8406177351367,B_C,,,,,,,,,,,
P16422_and_P62820,0.29798081363184314,0.2265528992798243,0.07233028450971646,18.196867749419955,56.44911764705883,-1270.510007151576,B_C,,,,,,,,,,,
P16422_and_P61006,0.2971417695487012,0.2265123186010662,0.11961909624169591,20.00796064400715,59.25796178343949,-1100.9118854710894,B_C,,,,,,,,,,,
P16422_and_P17987,0.29045713835502474,0.22410800005345324,0.061383571887840535,21.743042071197408,52.310660377358474,-4166.455314404013,B_C,,,,,,,,,,,
P16422_and_P57088,0.2842468171858094,0.2203331410132039,0.09384964567429208,20.34010282776349,62.71971014492755,-2264.7815222348245,B_C,,,,,,,,,,,
P16422_and_P49915,0.30204848428105224,0.2203181269526079,0.36521721128875445,25.30029197080296,58.98153409090903,-3996.843189185858,B_C,,,,,,,,,,,
P16422_and_P59190,0.2904413562566011,0.2201524855078573,0.07862214555824508,19.570000000000004,63.16012578616349,-1295.8643186398817,B_C,,,,,,,,,,,
P16422_and_Q12864,0.2613640879407645,0.2196169729477005,0.13094572835134274,27.252109704641363,53.73872093023255,-3304.6074265869947,B_C,,,,,,,,,,,
P16422_and_P62826,0.2885384125595261,0.21840650162993686,0.1297872111586264,22.957170172084155,68.34354838709677,-1096.7730512637797,B_C,,,,,,,,,,,
P16422_and_Q9H8M5,0.24763853582421996,0.21570778206207786,0.2910582585811307,24.9977922077922,74.12544715447156,-2487.25876138063,B_C,,,,,,,,,,,
P16422_and_O14763,0.249664734766127,0.21180955729195503,0.06772907581121436,24.360883620689627,54.070316455696194,-7640.5944593901,B_C,,,,,,,,,,,
P16422_and_P27487,0.316103946902357,0.21151298650947578,0.49615141087479153,25.787535410764818,63.33840740740737,-5442.681039780426,B_C,,,,,,,,,,,
P16422_and_O95838,0.25407188379103995,0.21079702717574028,0.14236805037353287,24.925673534072892,59.55757575757575,-2013.2012755973628,B_C,,,,,,,,,,,
P16422_and_P08708,0.29754854268469827,0.21052180562954492,0.09239350019073427,18.887938596491235,59.35189781021898,-1227.8309062153112,B_C,,,,,,,,,,,
P16422_and_Q9H0U4,0.28105690392775917,0.2071897519176692,0.09366341003211319,19.453822314049557,61.374844720496874,-856.4497099470088,B_C,,,,,,,,,,,
P16422_and_P50281,0.24344118870190282,0.20661086612874227,0.15710180608002838,23.54331125827814,60.44545454545449,-1369.6310051622131,B_C,,,,,,,,,,,
P16422_and_P22102,0.25036316255905566,0.20017815103373632,0.06510287971003831,26.73157099697885,58.62931623931625,-3590.976709107019,B_C,,,,,,,,,,,
P16422_and_Q9BZW2,0.2839109089944868,0.19951955289794543,0.032086404375260336,25.208212560386446,57.42081081081079,-4685.998861621322,B_C,,,,,,,,,,,
P16422_and_O75084,0.2579482843281893,0.19821325319284874,0.22303607397625635,25.256963470319647,56.78531746031743,-3034.501284210435,B_C,,,,,,,,,,,
P16422_and_Q00266,0.28469535694957354,0.19643559737073574,0.06908758842594084,22.462437810945268,71.870625,-1730.3818400321836,B_C,,,,,,,,,,,
P16422_and_P55795,0.23397337652992295,0.19041388591903638,0.15153880969091796,23.477669270833328,56.26084577114427,-2915.6696633366737,B_C,,,,,,,,,,,
P16422_and_Q00325,0.26061973782416403,0.1900448443766753,0.3066044503903794,23.69887556221892,59.62368983957221,-2593.3542367857954,B_C,,,,,,,,,,,
P16422_and_P29466,0.2431355356680648,0.19002605074893314,0.09894450307275937,22.757001795332133,63.93359281437121,-2008.4785795637363,B_C,,,,,,,,,,,
P16422_and_P52272,0.21890193286176507,0.18658203415355815,0.1979521992076251,23.753096179183135,61.95558685446009,-1723.5625990223925,B_C,,,,,,,,,,,
P16422_and_P08195,0.267146596984022,0.1850994854842694,0.23043140072115362,25.27885572139304,65.70178571428572,-2306.5096656546125,B_C,,,,,,,,,,,
P16422_and_Q9Y624,0.2418580115966577,0.18434124029718957,0.25149312307331856,24.101434878587234,75.15303703703702,-1350.0478208914815,B_C,,,,,,,,,,,
P16422_and_P14209,0.2604092658006066,0.18413484021876156,0.04420533333783831,15.61271676300579,51.63484848484848,-720.3154492017975,B_C,,,,,,,,,,,
P16422_and_P35052,0.2634899470936637,0.18305712703567104,0.3037278668003854,25.828902439024382,75.56679389312976,-2306.5426248802314,B_C,,,,,,,,,,,
P16422_and_P31153,0.2732541092182015,0.18197238478396305,0.14695396092960897,23.388936781609196,59.167798165137604,-2032.1650117941454,B_C,,,,,,,,,,,
P16422_and_P31943,0.22774079628503296,0.18164859551278134,0.3361606180742998,23.66112984822932,59.67629629629632,-3345.4572201550545,B_C,,,,,,,,,,,
P16422_and_Q12809,0.22705685364162223,0.1808860912721148,0.08645457969592452,27.732986111111103,55.21509803921569,-2541.065038112123,B_C,,,,,,,,,,,
P16422_and_P02745,0.24953909690915946,0.1787494000658723,0.06119690191941482,22.039405940594058,54.8693373493976,-1035.848489031926,B_C,,,,,,,,,,,
P16422_and_O75487,0.25627557740344886,0.17529453650500912,0.16556555679738963,25.88419811320752,60.70935294117649,-6187.380108140189,B_C,,,,,,,,,,,
P16422_and_P52597,0.21380492042612884,0.16151303972781753,0.23853900713707255,23.705429594272083,62.818942307692296,-1809.722122734005,B_C,,,,,,,,,,,
P16422_and_P30050,0.24245861558107978,0.15632242044671862,0.10564011984034855,23.095445920303597,63.98585987261146,-1112.2083698657002,B_C,,,,,,,,,,,
P16422_and_P62633,0.2243431268098178,0.13971221979037793,0.046309731533481585,24.32926605504585,44.19649425287356,-1863.9814552888874,B_C,,,,,,,,,,,
