name,rank,model,chain_i,chain_j,iLIS,iLIA,iLISA,ipSAE,actifpTM,LIS,cLIS,LIA,cLIA,ipTM,pLDDT_i,pLDDT_j,pTM,LIR_i,LIR_j,cLIR_i,cLIR_j,LIpLDDT_i,LIpLDDT_j,cLIpLDDT_i,cLIpLDDT_j,len_i,len_j,LIR_indices_i,LIR_indices_j,cLIR_indices_i,cLIR_indices_j,structure_file
P09758_and_Q9Y5Y6,0,5,B,C,0.4641,4819,2236.5,0.6132,0.9603,0.3487,0.6177,114398,203,0.8365,82,78.1,0.611,243,350,32,44,83.2,85.2,75.5,89.1,248,855,[2-244],"[494,501-511,513-514,518-613,616-855]","[3,5,7-9,14-21,30,32-33,35,55-67,69,211]","[637,639-641,654,656-657,659,661-662,666,702,704-710,751,759,782-786,800-806,824-830,838,844,847-848]",unrelaxed_model_5_multimer_v3_pred_0.pdb
P09758_and_Q9Y5Y6,1,3,B,C,0.4005,4519.6,1810.1,0.5082,0.9302,0.2895,0.5541,97735,209,0.799,78.7,77.2,0.551,242,324,31,48,80.1,86.8,72.3,88.1,248,855,[2-243],"[506,509,530-538,540-611,615-855]","[3,5,7,9,14-20,30,32-33,35,55-67,69,211-212]","[637,639-641,654,656-657,659,661-663,666,701-702,704-710,751,759,780,782-786,800-806,824-830,838,844-845,847-848]",unrelaxed_model_3_multimer_v3_pred_0.pdb
P09758_and_P04156,0,3,B,C,0.3916,2181.5,854.3,0.3921,0.7894,0.3307,0.4636,37769,126,0.6697,82.4,44.5,0.626,228,107,29,26,87.1,80.3,72.9,80.1,248,253,"[5-59,73-245]",[125-231],"[73-77,103,105-108,131,197,201,204-205,227-236,240,242,244-245]","[127-140,151,155-160,187,212-213,216,220]",unrelaxed_model_3_multimer_v3_pred_0.pdb
P09758_and_Q9Y5Y6,2,4,B,C,0.3681,4359.9,1604.8,0.5023,0.9168,0.2619,0.5173,97479,195,0.79,77.3,76.3,0.56,242,313,30,42,78.6,87.2,73.1,88.6,248,855,[2-243],"[532-535,537,543-544,546,548-611,615-855]","[3,5,7,9,14-21,30,32-35,55-56,58-64,66-67,69,211]","[637,639-641,654,656-657,659,661-662,666,702,704-709,751,759,782-786,800-806,824-830,838,847-848]",unrelaxed_model_4_multimer_v3_pred_0.pdb
P09758_and_Q9Y5Y6,3,1,B,C,0.2741,3982.2,1091.7,0.3808,0.8717,0.1787,0.4205,73079,217,0.754,80.3,78.6,0.547,238,316,33,49,82.2,87.4,71.2,87.3,248,855,[3-240],"[530-538,542-610,618-855]","[3,5,7,9,14-21,30,32-35,55-56,58-67,69,211-213]","[639-641,654,656-657,659,661-662,666,699,701-710,751-752,759,781-786,800-806,824-830,837-838,844,847-848]",unrelaxed_model_1_multimer_v3_pred_0.pdb
P09758_and_P16422,0,1,B,C,0.2559,1145.7,293.2,0.1976,0.7209,0.2044,0.3204,8469,155,0.5982,78.7,81.3,0.593,224,227,31,28,82.2,83.4,68.4,67.2,248,242,"[8-20,27-56,64-244]","[5-18,20-52,58-204,206-238]","[66-67,69-78,103,105-109,125,127,129,169,176,231-236,239-240]","[58,60-61,63-71,97,99-103,120,122,225-230,233-234]",unrelaxed_model_1_multimer_v3_pred_0.pdb
P09758_and_P16422,1,4,B,C,0.2559,995.6,254.8,0.1292,0.7127,0.2043,0.3205,6652,149,0.5871,80,81.2,0.575,225,224,29,28,83.3,83.2,68.9,67.6,248,242,"[8-20,22,26-57,65-137,140-245]","[5-52,57-130,132-164,166-180,183-204,207-238]","[66-67,69-77,103,105-109,125,127,129,176,231-236,239-240]","[58,60-61,63-71,97,99-103,120,122,225-230,233-234]",unrelaxed_model_4_multimer_v3_pred_0.pdb
P09758_and_P16422,2,2,B,C,0.2468,817.3,201.7,0.1086,0.7045,0.2185,0.2787,4985,134,0.5622,78.9,82.1,0.561,214,228,26,25,83.4,84.3,66.6,68.9,248,242,"[8-19,27-55,65-137,140-211,216-243]","[5-53,59-130,132-238]","[67,69-77,103,105,107-109,127,129,201,231-236,239-240]","[61,63-70,97,99-103,120,122,225-230,233-234]",unrelaxed_model_2_multimer_v3_pred_0.pdb
P09758_and_Q9P244,0,5,B,C,0.2103,1776.8,373.6,0.2268,0.8024,0.1584,0.2792,26308,120,0.6012,79.5,56.7,0.51,201,243,29,35,84.3,85.4,66.3,76.7,248,771,"[9-18,28-55,71-136,141-183,186,190-211,216-220,223-248]","[38-39,47-61,63-231,234,243-266,268-291,293-294,764-769]","[72-76,94,96-98,105,107,111-114,125,127,129,197,231-234,236,242-245,247]","[73-74,76,78,93,95,97-98,100,102,117,119,121-122,124-126,141,143,145-146,148,168,171,173,195,197,219,221,251,765-769]",unrelaxed_model_5_multimer_v3_pred_0.pdb
P09758_and_Q9P244,1,2,B,C,0.2097,337,70.7,0.0424,0.764,0.1676,0.2624,1747,65,0.6084,76.6,56.6,0.406,204,9,22,7,83.2,39.6,73.6,41.3,248,771,"[9-19,27-55,73-137,140-187,189-211,216,218-244]",[763-771],"[73-74,103,105-107,109,125,127,129,198,201,205,230-236,239-240]",[764-770],unrelaxed_model_2_multimer_v3_pred_0.pdb
P09758_and_P16422,3,5,B,C,0.2093,774,162,0.0228,0.6562,0.1943,0.2254,4405,136,0.5181,78.4,80.3,0.57,214,211,26,26,82.8,83.1,66.1,64,248,242,"[8-19,27-55,65-137,140-187,189-211,216-244]","[5-18,22-51,58-130,133-164,166-177,180,183-204,208,210-213,215-236]","[67,69-76,103,105,107-109,125,127,129,176,231-236,239-240]","[58,60-61,63-70,97,99-103,122,225-230,233-234]",unrelaxed_model_5_multimer_v3_pred_0.pdb
P09758_and_P62942,0,2,B,C,0.2064,248.5,51.3,0.0241,0.6271,0.1731,0.2462,1716,36,0.2944,82.4,84.9,0.685,180,107,6,13,88.7,85.1,44.1,79.5,248,108,"[10-18,29-54,78-93,96-136,140-181,190-210,220,223-230,232-239,241-248]",[2-108],[242-247],"[27,38,40,47,49,54-57,60,83,88,91]",unrelaxed_model_2_multimer_v3_pred_0.pdb
P09758_and_Q9P244,2,3,B,C,0.2036,359.3,73.2,0.0243,0.7091,0.174,0.2382,1677,77,0.5732,76.4,54.9,0.416,202,10,25,8,83.2,37.3,75.3,38.5,248,771,"[9-19,28-55,73-137,140-187,189-211,216-242]",[762-771],"[73,103,105-109,125,127,129,198,201,204-205,230-240]",[764-771],unrelaxed_model_3_multimer_v3_pred_0.pdb
P09758_and_P08708,0,4,B,C,0.2016,468.1,94.4,0.0203,0.5284,0.1793,0.2267,3176,69,0.3739,80.9,42.7,0.655,206,29,21,11,87.8,50.1,76.1,41.3,248,135,"[8-20,27-55,75-184,186-211,216-243]","[13-14,16-18,21,24,31,51,53-55,57-58,68-82]","[76-77,103,105-109,125,127,129,201,205,230-236,240]","[21,68-75,77-78]",unrelaxed_model_4_multimer_v3_pred_0.pdb
P09758_and_P16422,4,3,B,C,0.1886,540.4,101.9,0.0185,0.6098,0.1684,0.2112,3436,85,0.4771,78.8,81,0.569,203,207,25,23,84.1,84.4,66.6,67,248,242,"[9-19,27-55,67-137,140-182,187,189-211,218-242]","[5-18,22-51,61-130,133-164,166-176,183-204,208,210-236]","[69-77,103,105,107-109,125,129,201,231-236,239-240]","[63-70,97,99-103,122,225-230,233-234]",unrelaxed_model_3_multimer_v3_pred_0.pdb
P09758_and_P62942,2,1,B,C,0.1734,250.6,43.5,0.0198,0.5506,0.1425,0.211,1427,44,0.2756,81.5,83.1,0.676,173,107,11,16,87.7,83.3,55.3,74.8,248,108,"[10-18,29-33,35-36,38-40,42-53,78-136,141-181,191-210,224-228,230,232-247]",[2-108],"[107,233-235,240,242-247]","[25,27,38,47-50,53-57,60-61,88-89]",unrelaxed_model_1_multimer_v3_pred_0.pdb
P09758_and_Q14126,0,1,B,C,0.1629,647.5,105.5,0.1028,0.7704,0.1086,0.2444,4070,103,0.5738,77,52.9,0.373,146,120,17,27,82.2,80.1,70.8,77,248,1118,"[12,15,17,30,43-53,72-76,78-94,96-119,121-134,146-166,168-169,174-181,191-207,209,224,226,229-248]","[51-155,185-198,200]","[107-111,129,233-235,239-246]","[53-54,56-57,59,67-77,87,111,129-131,140-143,145,150]",unrelaxed_model_1_multimer_v3_pred_0.pdb
P09758_and_Q9Y5Y6,4,2,B,C,0.1622,1665.7,270.2,0.1414,0.7869,0.1151,0.2285,19962,139,0.661,76.8,78.5,0.519,198,278,28,37,81.5,89.6,69.5,87.9,248,855,"[3-65,76-108,112,122-125,128-137,141-166,168-170,174-181,186-221,223-236]","[563-606,621-686,688-855]","[3,5,7,9,14-20,30,32-33,35,55-64,211-213]","[640-641,654,656-657,699,701-709,751-752,782-786,801-805,824-830,837,847-848]",unrelaxed_model_2_multimer_v3_pred_0.pdb
P09758_and_P62942,1,4,B,C,0.1325,311.2,41.2,0.0163,0.412,0.1219,0.1441,2767,35,0.28,81.3,82.2,0.689,187,106,12,21,87.4,82.5,52.8,76.1,248,108,"[9-18,28-54,78-137,140-181,190-210,220,223-248]",[3-108],"[129,131,231,233-234,242-248]","[25,27,38-40,43,45,47-49,54-57,60,82-83,87,91-93]",unrelaxed_model_4_multimer_v3_pred_0.pdb
P09758_and_P14209,0,4,B,C,0.1306,371.5,48.5,0.0159,0.4744,0.1186,0.1437,4312,32,0.2641,86.3,23.2,0.571,200,26,16,14,93.9,40.6,88.6,41.5,248,185,"[9-19,27-55,77-184,186-187,189-211,217-243]",[138-163],"[77,107-108,127,129,169,176,178,231-235,239-240,242]","[138-139,141-142,145-146,149,152-156,158,161]",unrelaxed_model_4_multimer_v3_pred_0.pdb
P09758_and_P08708,2,1,B,C,0.1265,338.3,42.8,0.0164,0.4783,0.0973,0.1645,2661,43,0.2293,80.7,47.9,0.647,195,26,22,11,88.4,53.7,76.4,43.9,248,135,"[8-19,27-55,77-137,140-182,189-211,216-242]","[13,16-22,24,53-54,57-58,61,69-80]","[77,103,105,107-109,125,128,197-198,201-202,205,230-236,239-240]","[18,21,69-76,78]",unrelaxed_model_1_multimer_v3_pred_0.pdb
P09758_and_P63173,0,1,B,C,0.1176,257.6,30.3,0.0138,0.3358,0.0836,0.1655,2885,23,0.3159,83.3,70.3,0.746,187,40,7,6,91.5,70.4,77.8,63.1,248,70,"[9-18,28-54,78-137,139-182,189-211,218-240]","[4-16,19,23,25-26,32-36,41,43-48,50-60]","[129,131,231,233-236]","[8-9,12-13,55,59]",unrelaxed_model_1_multimer_v3_pred_0.pdb
P09758_and_P17181,0,3,B,C,0.1165,453.2,52.8,0.0166,0.533,0.0884,0.1535,6041,34,0.5053,75.2,66.5,0.519,129,213,11,9,84.9,86.2,75.3,65.9,248,557,"[10,12-13,16,29,31,40-50,80,82,85,87-88,90,92,99-107,109,111,122-135,140-181,191-206,208-210,216-220,223-236]","[38-48,61-66,74,87-89,93-94,96-105,115-147,154-158,162-171,178-227,229-239,243-251,255-271,275-281,283-295,297-310,316-326]","[129,131,133,167,169,171,174,176,229,231,233]","[263,265-266,268-269,276,299-301]",unrelaxed_model_3_multimer_v3_pred_0.pdb
P09758_and_P61026,0,1,B,C,0.1105,351.3,38.8,0.0142,0.4205,0.092,0.1328,3429,36,0.3649,79.8,71.7,0.615,193,112,13,7,87.3,82.5,76,48.5,248,200,"[9-19,27-55,74-137,140-182,189-211,218-240]","[8-28,37-51,57-66,83-110,116-125,130,132,134,138,140,148,150-171]","[103,107-109,129,201,231-236,240]","[38-41,43,45-46]",unrelaxed_model_1_multimer_v3_pred_0.pdb
P09758_and_P21583,0,3,B,C,0.1081,630.5,68.1,0.0129,0.466,0.0848,0.1377,6024,66,0.3871,81.5,53.5,0.542,189,91,22,13,89.3,83.2,80.1,58.6,248,273,"[9-19,28-55,73-94,97-137,140-182,190-211,218-238,242]","[32-56,71-115,131-151]","[74,103,105-108,111-112,128-129,131,197-198,201,229-235,242]","[48-50,87-89,91-96,98]",unrelaxed_model_3_multimer_v3_pred_0.pdb
P09758_and_P21583,1,1,B,C,0.1046,462.4,48.4,0.0132,0.4632,0.0902,0.1213,5216,41,0.321,80.7,51.4,0.542,194,79,23,14,88.4,73.4,74.3,52.3,248,273,"[9-19,27-55,74-137,140-182,189-211,217-240]","[35-56,74-112,133-150]","[50,74-77,94,98,105-108,112,197-198,201-202,205,229-234]","[45-48,88-90,92-98]",unrelaxed_model_1_multimer_v3_pred_0.pdb
P09758_and_P63173,1,2,B,C,0.0951,190.4,18.1,0.0137,0.3118,0.0836,0.1081,2788,13,0.2961,83.2,70.4,0.743,190,27,7,4,91,71,76.6,61.1,248,70,"[9-19,28-55,77-137,140-182,190-211,218-242]","[8-9,11-15,23,25,32-36,43-47,52-53,55-60]","[129,131,231,233-236]","[9,12,55,59]",unrelaxed_model_2_multimer_v3_pred_0.pdb
P09758_and_P08708,1,3,B,C,0.0902,442.9,40,0.0138,0.4267,0.076,0.1071,4903,40,0.2599,81.5,47.9,0.659,193,38,21,12,89.1,61.1,78,48.9,248,135,"[9-19,27-55,77-137,140-182,190-211,217-243]","[13-22,24-25,31,35,50-58,61,69-82]","[50,53,77,107-108,127,129,197-198,201-202,205,207,230-235,239-240]","[20-22,61,71-76,78-79]",unrelaxed_model_3_multimer_v3_pred_0.pdb
P09758_and_Q9ULF5,0,3,B,C,0.0833,345,28.7,0.0127,0.6036,0.0727,0.0955,2088,57,0.3204,77,40.6,0.347,181,16,28,13,85,33,76.6,32.6,248,831,"[9-19,28-55,71-72,77-93,98-119,121-135,141-181,190-211,218-220,223-242]",[97-112],"[46,50,53,71-72,77,103,105-109,125,129,197-198,201-202,205,207,230-236,240]","[97,99-101,104-112]",unrelaxed_model_3_multimer_v3_pred_0.pdb
P09758_and_P62942,3,5,B,C,0.0828,102.4,8.5,0.013,0.3677,0.0802,0.0855,583,18,0.2389,81.1,84.1,0.668,121,105,4,10,88.9,84.6,30.2,83,248,108,"[10,12-13,16-17,36,42-52,79-83,86-92,99-106,113-115,122-130,132-135,141,143-156,158-160,163-171,173,175-180,191-210,218,224-228,236,242-248]","[3-89,91-108]","[244,246-248]","[25,27,38,40,43,45,47,49,56,60]",unrelaxed_model_5_multimer_v3_pred_0.pdb
P09758_and_P08708,4,5,B,C,0.0786,165.8,13,0.0116,0.3388,0.0756,0.0817,1145,24,0.2142,80.5,41.4,0.642,169,16,15,6,88.4,52.8,75.6,36.2,248,135,"[10-13,15-18,29-34,36-55,78-93,98-119,121-136,141-181,191-210,220,223-240,242]","[13,16-17,24,31,35,51,54-55,58,70-75]","[105,107,109,125,197-198,201,230-236,240]","[17,70-74]",unrelaxed_model_5_multimer_v3_pred_0.pdb
P09758_and_O14763,0,1,B,C,0.0742,92.6,6.9,0.0123,0.4462,0.0716,0.0768,429,20,0.2696,78.4,50.9,0.415,157,6,10,6,86.5,51.5,70.9,51.5,248,440,"[10-18,28-40,42-55,76-134,143,147-165,168-169,174-180,191-210,226,228-239]",[147-152],"[54,76-79,94,98,100,108,112]",[147-152],unrelaxed_model_1_multimer_v3_pred_0.pdb
P09758_and_P62942,4,3,B,C,0.07,121.6,8.5,0.0134,0.3259,0.072,0.0681,672,22,0.2374,81.3,84.9,0.671,122,106,6,13,88.1,85.2,42.6,79.2,248,108,"[12,36,42-45,47-49,51-52,81-92,99-106,108-116,118,123-130,132-135,141,143-160,163-170,173,175,177-180,191-209,224-228,230,233-236,242-248]",[3-108],"[234,244-248]","[27,38-40,43,45,47,49,55-57,60,89]",unrelaxed_model_3_multimer_v3_pred_0.pdb
P09758_and_P08708,3,2,B,C,0.0645,289.1,18.6,0.0132,0.4216,0.0515,0.0808,2785,30,0.2257,81.5,45.6,0.646,192,26,17,10,89.3,52.8,76.1,40.9,248,135,"[9-19,27-55,77-137,140-182,189-211,218-242]","[13-14,16-18,20-21,24,54-55,57-58,69-82]","[77-78,105-108,129-131,201,205,230-234,240]","[69-72,74-76,78-79,81]",unrelaxed_model_2_multimer_v3_pred_0.pdb
P09758_and_Q9P244,3,4,B,C,0.0621,226.8,14.1,0.0137,0.5055,0.0583,0.0661,1608,32,0.425,76.9,57,0.466,124,126,17,15,80.1,86.8,61.3,71.9,248,771,"[15,44-54,74-76,78-133,146,149-151,154-155,160,164-165,167-169,171,173-180,192-193,195-205,229-240,242-248]","[68-82,85-86,88,91-101,103-105,108-129,132-134,138-153,156-158,160,163-182,184-185,190-199,211,214,216-221,223,253-254,764-769]","[74-76,98,111-113,125,127,129,232-234,242,244-245,247]","[95,98,121-122,124,141,143,146,148,171,195,765-768]",unrelaxed_model_4_multimer_v3_pred_0.pdb
P09758_and_Q7L014,0,5,B,C,0.0614,24.9,1.5,0.0116,0.5134,0.0453,0.0833,155,4,0.4752,77.8,56.5,0.41,27,49,3,2,82.7,80.5,78.6,61.2,248,1031,"[50,79-80,82,88,90-91,93,98-103,105-113,122-123,232,234]","[595,606,608,611,622,624,628-629,631-647,652,654-664,666-669,671-672,674,692-694,721,723]","[100,108,111]","[654,657]",unrelaxed_model_5_multimer_v3_pred_0.pdb
P09758_and_P21583,2,5,B,C,0.059,192.4,11.4,0.0123,0.4048,0.0525,0.0663,1424,26,0.2692,80.4,51.6,0.511,175,24,15,7,89.7,65.3,79.8,46.2,248,273,"[9-18,28-54,75,78-93,98-115,117-119,121-137,140-181,190-210,219-221,223-239]","[46,52-54,79,82,86,88-102,138-139]","[75,105-107,130,197,201,204-205,229-234]","[89-93,95,97]",unrelaxed_model_5_multimer_v3_pred_0.pdb
P09758_and_P21583,3,2,B,C,0.0446,132.1,5.9,0.0121,0.4,0.0334,0.0596,1090,16,0.2407,81.2,49.9,0.516,175,13,10,6,90.6,51.5,84.2,46.6,248,273,"[9-18,28-53,78-93,98-115,117-119,121-137,141-181,189-211,218-238]","[85,88-89,91-99,101]","[105-107,198,201-202,231-234]","[92-96,98]",unrelaxed_model_2_multimer_v3_pred_0.pdb
P09758_and_Q92692,1,3,B,C,0.0411,143.9,5.9,0.0112,0.4585,0.0366,0.0463,668,31,0.2376,76.7,60.8,0.45,162,8,14,6,86.7,25.9,84.9,26.1,248,538,"[10-18,29-32,36-54,79-93,98-115,117-119,121-135,141-180,190-193,195-210,220,223-240]","[512-513,532-537]","[103,105,107,109,125,128,197,201,231-236]",[532-537],unrelaxed_model_3_multimer_v3_pred_0.pdb
P09758_and_Q04912,0,1,B,C,0.0348,36.9,1.3,0.0121,0.5646,0.0336,0.0361,227,6,0.4236,71,76.1,0.555,7,116,3,4,38.1,88.8,37.9,68.5,248,1400,[71-77],"[121-125,132-134,142-147,161-163,166,169-180,184-202,207,215-239,249-254,256-262,279-286,288-290,293-296,347,366,369,375,378-379,382,423-428]","[72,74,76]","[192,194,220,222]",unrelaxed_model_1_multimer_v3_pred_0.pdb
P09758_and_P51153,0,3,B,C,0.0271,73.2,2,0,0.3331,0.018,0.0408,268,20,0.235,79.2,69.2,0.582,78,13,9,5,87.9,55.8,78.7,34.9,248,203,"[37,43-44,47-52,79-86,88-92,98-109,112,124-125,128-131,134,146-147,149-155,157-158,160,173,175,177,179,191-193,195,197-205,230-236]","[11-13,39-45,60-62]","[105,107,197-198,230-234]",[39-43],unrelaxed_model_3_multimer_v3_pred_0.pdb
P09758_and_Q9P244,4,1,B,C,0.0266,3,0.1,0,0.4152,0.0339,0.0208,9,1,0.3482,75.7,56.5,0.408,8,3,1,1,73.5,32.3,68.6,33.7,248,771,"[98-99,109,131,230-231,233,236]",[767-769],[233],[768],unrelaxed_model_1_multimer_v3_pred_0.pdb
P09758_and_Q92692,0,2,B,C,0.0261,18.7,0.5,0,0.4092,0.0233,0.0292,58,6,0.2545,78.9,63,0.426,46,4,4,3,87.7,29,82.2,28.9,248,538,"[39,85,98-102,105,117,125,127-128,130,145,147-152,154-156,158-164,173-176,191,201-202,204-205,224,229-231,233-235]",[534-537],"[105,201,233-234]",[535-537],unrelaxed_model_2_multimer_v3_pred_0.pdb
P09758_and_Q92930,0,4,B,C,0.0253,111.5,2.8,0.0115,0.2886,0.0313,0.0204,1244,10,0.2421,79.3,69.6,0.587,159,24,5,6,87.7,68,72.2,43,248,207,"[10-17,29-32,36,38-53,78-118,122-136,141-181,191-210,224-236]","[11-14,25,37-41,43-46,60-64,83-86,162]","[107,232-235]","[37-41,44]",unrelaxed_model_4_multimer_v3_pred_0.pdb
P09758_and_P62266,1,5,B,C,0.0249,23.6,0.6,0,0.2335,0.0298,0.0208,559,1,0.2058,78.4,45.1,0.623,154,9,1,1,87.5,60.2,63.5,51.7,248,143,"[10-17,29-33,35-54,78-93,98-106,108-115,117-119,122-135,141,143-180,191-210,224-228,230-236]","[67,69-70,82-85,118,122]",[231],[67],unrelaxed_model_5_multimer_v3_pred_0.pdb
P09758_and_P51153,3,1,B,C,0.0245,62.3,1.5,0,0.3201,0.0175,0.0343,228,17,0.2056,77.9,65.9,0.571,75,10,6,5,85.1,41.3,71.9,32.4,248,203,"[10,17-18,29,43-52,78-83,86,88,90-92,94,97-114,119,123-126,128-129,134,146-147,154,158,160,170,173,175,177,191-193,195,198-199,201-203,231-235]","[38-45,61-62]","[105,107,231-234]",[39-43],unrelaxed_model_1_multimer_v3_pred_0.pdb
P09758_and_P62266,2,1,B,C,0.023,29.8,0.7,0,0.2509,0.0224,0.0236,297,3,0.2028,79.7,47.7,0.623,137,7,2,2,88.3,52.9,66.6,47.2,248,143,"[12,15-18,30,32,35,40,43-53,79-115,119,122-131,133-134,141-170,173,175,177-180,191-210,224-226,230-237]","[59,65,67-69,84,118]",[231-232],"[65,67]",unrelaxed_model_1_multimer_v3_pred_0.pdb
P09758_and_P04156,2,1,B,C,0.0227,41.6,0.9,0,0.2926,0.0286,0.0181,578,3,0.1673,79.5,37.8,0.522,154,14,2,2,88.4,64.6,71,32.7,248,253,"[10-18,30-32,35-36,39,43-52,78-93,98-106,109-119,121-136,141-181,191-210,220,223-228,230-238]","[121-122,158,161-162,179-180,183-184,187,206,210,213-214]",[233-234],[121-122],unrelaxed_model_1_multimer_v3_pred_0.pdb
P09758_and_P61006,1,4,B,C,0.0223,51.9,1.2,0.0109,0.2991,0.0238,0.0208,538,5,0.2237,78.2,63.9,0.579,137,18,4,3,86.2,61.8,68,33.6,248,207,"[11-12,15-17,30-32,43-52,78-83,85-93,96-106,108,110,112-115,117-118,123-135,141-181,191-207,209,224-236]","[11-14,41-45,60-62,64,81,83-86]",[231-234],[41-43],unrelaxed_model_4_multimer_v3_pred_0.pdb
P09758_and_P61026,2,3,B,C,0.0194,27,0.5,0,0.3104,0.0143,0.0262,104,7,0.2152,78.1,69.4,0.575,63,6,6,3,87.2,39.5,73.9,31.9,248,200,"[43-44,46,48,50-51,53,80-83,85-86,88-92,99-109,112-113,125,143,145-147,149-151,153-154,157-158,160,169,173,175,177,191-192,195,198-199,201-205,230-234]","[39-41,44-46]","[107,201,231-234]",[39-41],unrelaxed_model_3_multimer_v3_pred_0.pdb
P09758_and_Q92928,2,3,B,C,0.0185,53.2,1,0,0.3224,0.0138,0.0247,202,14,0.2132,78.6,67.4,0.578,83,10,7,4,87.9,44.7,73.5,36.4,248,201,"[10,12,42-45,47-53,79-83,85-86,88-89,91,98-110,112,125,128,130,134,143,146-147,149-155,157-158,160,164,169,173,175,177,179,191-192,195-205,208-210,224,230-235]","[13,38-45,62]","[107,130,230-234]","[39-41,43]",unrelaxed_model_3_multimer_v3_pred_0.pdb
P09758_and_P51153,1,4,B,C,0.0184,51.1,0.9,0,0.3005,0.0203,0.0167,373,7,0.2235,78.4,64.8,0.583,124,12,5,3,86.4,59.9,74.3,37.6,248,203,"[11-12,16-17,31,43-52,78-83,85-89,91-93,98-108,110,112,114,123-135,141,143-181,191-206,209,225-228,230-236]","[11-13,42-45,60-62,84-85]","[105,107,232-234]",[42-44],unrelaxed_model_4_multimer_v3_pred_0.pdb
P09758_and_Q92930,2,3,B,C,0.0155,57.1,0.9,0,0.3132,0.0182,0.0133,296,11,0.2062,78.6,69.6,0.567,113,8,8,4,88.1,43.9,76.7,34.8,248,207,"[10-12,15-18,29-31,36,40,42-53,79-86,88-93,98-113,123-125,128-129,133,145-147,149-161,164-166,168-170,173,175,177,179,191-210,228,230-235]","[38-41,43-45,62]","[107-108,197,201,230-232,234]",[38-41],unrelaxed_model_3_multimer_v3_pred_0.pdb
P09758_and_Q92928,3,1,B,C,0.0148,11.6,0.2,0,0.2895,0.0131,0.0167,27,5,0.1958,76.6,64.7,0.564,15,6,3,4,78.6,34.8,66.1,32.5,248,201,"[18,82,88,98,101-102,105-108,201-202,231-232,234]","[38-42,44]","[107,231-232]",[38-41],unrelaxed_model_1_multimer_v3_pred_0.pdb
P09758_and_Q00325,0,1,B,C,0.0125,2,0,0,0.3485,0.0125,0.0125,2,2,0.2092,75.7,72.5,0.501,2,2,2,2,34.6,74.9,34.6,74.9,248,362,"[246,248]","[146,344]","[246,248]","[146,344]",unrelaxed_model_1_multimer_v3_pred_0.pdb
P09758_and_P63173,2,4,B,C,0.0112,40.6,0.5,0.0134,0.1953,0.0299,0.0042,826,2,0.2609,81.6,59.2,0.73,177,12,2,1,90.1,63.2,73.2,60.9,248,70,"[9-18,28-55,78-119,121-136,140-181,190-210,220,223-239]","[11,23,25,32-36,45,47,53,56]","[231,233]",[35],unrelaxed_model_4_multimer_v3_pred_0.pdb
P09758_and_Q92692,3,1,B,C,0.0102,3.5,0,0,0.3968,0.0094,0.0111,4,3,0.2263,78.2,63.6,0.426,3,2,2,2,81.8,25.6,82.2,25.6,248,538,"[98,232,234]","[533,535]","[232,234]","[533,535]",unrelaxed_model_1_multimer_v3_pred_0.pdb
P09758_and_Q13433,0,1,B,C,0.0085,4.7,0,0,0.4279,0.0087,0.0083,11,2,0.2901,78.8,45.4,0.339,11,1,2,1,89.2,28.8,85.1,28.8,248,755,"[43,99,107,154-155,158,160-161,231,233-234]",[543],"[107,234]",[543],unrelaxed_model_1_multimer_v3_pred_0.pdb
P09758_and_Q92692,2,4,B,C,0.0083,1,0,0,0.3489,0.0083,0.0083,1,1,0.2232,75.3,61.7,0.461,1,1,1,1,81.2,26.2,81.2,26.2,248,538,[234],[533],[234],[533],unrelaxed_model_4_multimer_v3_pred_0.pdb
P09758_and_P51153,2,2,B,C,0.0074,10.2,0.1,0,0.2758,0.0133,0.0042,105,1,0.2089,79.5,70.2,0.572,65,9,1,1,88.1,65.1,74.9,34.9,248,203,"[17,44,47-49,51-52,79,81-82,88-89,91-92,98-105,107,110,112,125-128,130,132-134,146-147,150-151,154-155,158-159,164-165,169,173,175,177,179-181,193,195-197,199-203,205-206,209,232,234,236]","[11-13,38,41,43,45,61-62]",[234],[41],unrelaxed_model_2_multimer_v3_pred_0.pdb
P09758_and_P61006,0,3,B,C,0.0066,5.3,0,0,0.2812,0.0104,0.0042,28,1,0.2373,78.3,67.1,0.58,17,6,1,1,86,71.4,67.3,35.1,248,207,"[44,88,99-101,112,129,148,151,155,169,175,177,179,193,202,233]","[11-13,41,62,85]",[233],[41],unrelaxed_model_3_multimer_v3_pred_0.pdb
P09758_and_O14763,1,2,B,C,0,0,0,0,0.2624,0,0,0,0,0.2156,77.3,51.5,0.406,0,0,0,0,,,,,248,440,,,,,unrelaxed_model_2_multimer_v3_pred_0.pdb
P09758_and_O14763,2,4,B,C,0,0,0,0,0.1839,0,0,0,0,0.1968,75.5,48.1,0.406,0,0,0,0,,,,,248,440,,,,,unrelaxed_model_4_multimer_v3_pred_0.pdb
P09758_and_O14763,3,5,B,C,0,0,0,0,0.1463,0,0,0,0,0.1964,75.9,48.2,0.39,0,0,0,0,,,,,248,440,,,,,unrelaxed_model_5_multimer_v3_pred_0.pdb
P09758_and_O14763,4,3,B,C,0,0,0,0,0.1699,0,0,0,0,0.1898,75.1,48.1,0.394,0,0,0,0,,,,,248,440,,,,,unrelaxed_model_3_multimer_v3_pred_0.pdb
P09758_and_O75084,0,5,B,C,0,0,0,0,0.189,0,0,0,0,0.2094,75.6,74.8,0.503,0,0,0,0,,,,,248,574,,,,,unrelaxed_model_5_multimer_v3_pred_0.pdb
P09758_and_O75084,1,4,B,C,0,0,0,0,0.1701,0,0,0,0,0.2013,74.3,75.3,0.496,0,0,0,0,,,,,248,574,,,,,unrelaxed_model_4_multimer_v3_pred_0.pdb
P09758_and_O75084,2,3,B,C,0,0,0,0,0.1519,0,0,0,0,0.1915,74.6,73.4,0.489,0,0,0,0,,,,,248,574,,,,,unrelaxed_model_3_multimer_v3_pred_0.pdb
P09758_and_O75084,3,1,B,C,0,0,0,0,0.1446,0,0,0,0,0.1635,73,73.3,0.48,0,0,0,0,,,,,248,574,,,,,unrelaxed_model_1_multimer_v3_pred_0.pdb
P09758_and_O75084,4,2,B,C,0,0,0,0,0.1425,0,0,0,0,0.1585,75.8,73.8,0.486,0,0,0,0,,,,,248,574,,,,,unrelaxed_model_2_multimer_v3_pred_0.pdb
P09758_and_O75487,0,2,B,C,0,0,0,0,0.1883,0,0,0,0,0.1812,77.2,75,0.574,0,0,0,0,,,,,248,556,,,,,unrelaxed_model_2_multimer_v3_pred_0.pdb
P09758_and_O75487,1,3,B,C,0,0,0,0,0.1666,0,0,0,0,0.1641,76.1,74.5,0.578,0,0,0,0,,,,,248,556,,,,,unrelaxed_model_3_multimer_v3_pred_0.pdb
P09758_and_O75487,2,1,B,C,0,0,0,0,0.1439,0,0,0,0,0.1621,74.3,73.8,0.567,0,0,0,0,,,,,248,556,,,,,unrelaxed_model_1_multimer_v3_pred_0.pdb
P09758_and_O75487,3,4,B,C,0,0,0,0,0.1599,0,0,0,0,0.1547,75.9,74.3,0.569,0,0,0,0,,,,,248,556,,,,,unrelaxed_model_4_multimer_v3_pred_0.pdb
P09758_and_O75487,4,5,B,C,0,0,0,0,0.1556,0,0,0,0,0.1508,76.6,73.4,0.568,0,0,0,0,,,,,248,556,,,,,unrelaxed_model_5_multimer_v3_pred_0.pdb
P09758_and_P04156,1,4,B,C,0,0,0,0,0.2714,0.0178,0,111,0,0.1706,79.1,40.3,0.515,82,5,0,0,89.4,73.1,,,248,253,"[16-17,44-45,47-49,51-52,79-81,83,88-89,91-92,100-105,114-115,123-130,133-134,141,143-155,160,164-165,168-171,173,175-181,192-193,195-200,202-204,206-207,209,224,226,235-236]","[157,206,209-210,213]",,,unrelaxed_model_4_multimer_v3_pred_0.pdb
P09758_and_P04156,3,2,B,C,0,0,0,0,0.2065,0.0186,0,193,0,0.1516,80.4,41.3,0.514,93,7,0,0,91.1,76.5,,,248,253,"[13,31,43-52,79-81,83,86-92,99-105,122-128,130,132-134,143-155,158,160-161,163-171,175-181,191-193,195-196,199-200,202-204,206,208-209,224-227,235-237]","[161-162,179,183,210,213-214]",,,unrelaxed_model_2_multimer_v3_pred_0.pdb
P09758_and_P04156,4,5,B,C,0,0,0,0,0.2104,0,0,0,0,0.1487,79.1,40.3,0.502,0,0,0,0,,,,,248,253,,,,,unrelaxed_model_5_multimer_v3_pred_0.pdb
P09758_and_P08195,0,1,B,C,0,0,0,0,0.1836,0,0,0,0,0.2135,74.2,77.9,0.601,0,0,0,0,,,,,248,529,,,,,unrelaxed_model_1_multimer_v3_pred_0.pdb
P09758_and_P08195,1,2,B,C,0,0,0,0,0.1628,0,0,0,0,0.2119,76.8,78.1,0.601,0,0,0,0,,,,,248,529,,,,,unrelaxed_model_2_multimer_v3_pred_0.pdb
P09758_and_P08195,2,3,B,C,0,0,0,0,0.1486,0,0,0,0,0.208,75.6,77.5,0.598,0,0,0,0,,,,,248,529,,,,,unrelaxed_model_3_multimer_v3_pred_0.pdb
P09758_and_P08195,3,5,B,C,0,0,0,0,0.1259,0,0,0,0,0.1633,76.3,76.9,0.583,0,0,0,0,,,,,248,529,,,,,unrelaxed_model_5_multimer_v3_pred_0.pdb
P09758_and_P08195,4,4,B,C,0,0,0,0,0.1208,0,0,0,0,0.1411,74.9,77.9,0.577,0,0,0,0,,,,,248,529,,,,,unrelaxed_model_4_multimer_v3_pred_0.pdb
P09758_and_P08238,0,2,B,C,0,0,0,0,0.2221,0,0,0,0,0.2075,75.6,78.5,0.545,0,0,0,0,,,,,248,724,,,,,unrelaxed_model_2_multimer_v3_pred_0.pdb
P09758_and_P08238,1,3,B,C,0,0,0,0,0.2118,0,0,0,0,0.2037,75.1,78.8,0.515,0,0,0,0,,,,,248,724,,,,,unrelaxed_model_3_multimer_v3_pred_0.pdb
P09758_and_P08238,2,1,B,C,0,0,0,0,0.1961,0,0,0,0,0.1975,72.1,77.9,0.518,0,0,0,0,,,,,248,724,,,,,unrelaxed_model_1_multimer_v3_pred_0.pdb
P09758_and_P08238,3,5,B,C,0,0,0,0,0.2092,0,0,0,0,0.1901,73.3,78.1,0.539,0,0,0,0,,,,,248,724,,,,,unrelaxed_model_5_multimer_v3_pred_0.pdb
P09758_and_P08238,4,4,B,C,0,0,0,0,0.1762,0,0,0,0,0.1881,72.7,78.3,0.51,0,0,0,0,,,,,248,724,,,,,unrelaxed_model_4_multimer_v3_pred_0.pdb
P09758_and_P11717,0,5,B,C,0,0,0,0,0.2553,0,0,0,0,0.2665,62.6,69.3,0.511,0,0,0,0,,,,,248,2491,,,,,unrelaxed_model_5_multimer_v3_pred_0.pdb
P09758_and_P11717,1,3,B,C,0,0,0,0,0.2433,0,0,0,0,0.2487,64.2,70.8,0.563,0,0,0,0,,,,,248,2491,,,,,unrelaxed_model_3_multimer_v3_pred_0.pdb
P09758_and_P11717,2,1,B,C,0,0,0,0,0.2832,0,0,0,0,0.2539,65.7,65.7,0.425,0,0,0,0,,,,,248,2491,,,,,unrelaxed_model_1_multimer_v3_pred_0.pdb
P09758_and_P11717,3,4,B,C,0,0,0,0,0.2469,0,0,0,0,0.2432,61.3,68.4,0.467,0,0,0,0,,,,,248,2491,,,,,unrelaxed_model_4_multimer_v3_pred_0.pdb
P09758_and_P11717,4,2,B,C,0,0,0,0,0.225,0,0,0,0,0.2463,66.4,69,0.449,0,0,0,0,,,,,248,2491,,,,,unrelaxed_model_2_multimer_v3_pred_0.pdb
P09758_and_P14209,1,3,B,C,0,0,0,0,0.226,0.0376,0,391,0,0.1427,86.5,19.1,0.566,176,5,0,0,95.2,25.6,,,248,185,"[9-19,28-54,78-93,98-119,121-136,141-180,190-211,218-238,240]",[90-94],,,unrelaxed_model_3_multimer_v3_pred_0.pdb
P09758_and_P14209,2,2,B,C,0,0,0,0,0.1967,0,0,0,0,0.1213,87.2,20.9,0.558,0,0,0,0,,,,,248,185,,,,,unrelaxed_model_2_multimer_v3_pred_0.pdb
P09758_and_P14209,3,1,B,C,0,0,0,0,0.147,0,0,0,0,0.1165,87.2,20.1,0.549,0,0,0,0,,,,,248,185,,,,,unrelaxed_model_1_multimer_v3_pred_0.pdb
P09758_and_P14209,4,5,B,C,0,0,0,0,0.1292,0,0,0,0,0.1061,87.2,19.2,0.545,0,0,0,0,,,,,248,185,,,,,unrelaxed_model_5_multimer_v3_pred_0.pdb
P09758_and_P17181,1,4,B,C,0,0,0,0,0.238,0.0201,0,340,0,0.3321,73.8,66.9,0.466,9,92,0,0,90.4,87.9,,,248,557,"[105,192-199]","[40,98-101,119,121-122,124-129,132-136,138,140-146,163-169,179-180,186,188-190,192-193,196-205,214-215,217-221,232,235,246,248,257-264,266-267,278-279,298,302-309,317-324]",,,unrelaxed_model_4_multimer_v3_pred_0.pdb
P09758_and_P17181,2,5,B,C,0,0,0,0,0.2503,0.0194,0,178,0,0.3015,72.3,65.1,0.472,7,99,0,0,89.7,85.7,,,248,557,[194-200],"[40,64-66,96,98-103,116,118-122,124-130,133-136,140-146,155,163-170,185-186,188-190,192-193,196-205,211-212,215,217-221,223,231,248,257,259,261-264,266-267,277-278,298,302-309,317-324]",,,unrelaxed_model_5_multimer_v3_pred_0.pdb
P09758_and_P17181,3,2,B,C,0,0,0,0,0.186,0,0,0,0,0.2303,74.5,68,0.445,0,0,0,0,,,,,248,557,,,,,unrelaxed_model_2_multimer_v3_pred_0.pdb
P09758_and_P17181,4,1,B,C,0,0,0,0,0.1818,0,0,0,0,0.2226,72.1,66.7,0.439,0,0,0,0,,,,,248,557,,,,,unrelaxed_model_1_multimer_v3_pred_0.pdb
P09758_and_P17987,0,4,B,C,0,0,0,0,0.1692,0,0,0,0,0.1802,71.1,78.3,0.597,0,0,0,0,,,,,248,556,,,,,unrelaxed_model_4_multimer_v3_pred_0.pdb
P09758_and_P17987,1,3,B,C,0,0,0,0,0.1579,0,0,0,0,0.1747,70.4,78.7,0.595,0,0,0,0,,,,,248,556,,,,,unrelaxed_model_3_multimer_v3_pred_0.pdb
P09758_and_P17987,2,2,B,C,0,0,0,0,0.1533,0,0,0,0,0.166,72.8,78.8,0.59,0,0,0,0,,,,,248,556,,,,,unrelaxed_model_2_multimer_v3_pred_0.pdb
P09758_and_P17987,3,5,B,C,0,0,0,0,0.1424,0,0,0,0,0.1545,71.3,77.2,0.591,0,0,0,0,,,,,248,556,,,,,unrelaxed_model_5_multimer_v3_pred_0.pdb
P09758_and_P17987,4,1,B,C,0,0,0,0,0.1255,0,0,0,0,0.145,66.8,75.1,0.557,0,0,0,0,,,,,248,556,,,,,unrelaxed_model_1_multimer_v3_pred_0.pdb
P09758_and_P21583,4,4,B,C,0,0,0,0,0.2787,0,0,0,0,0.2121,80.9,49.2,0.51,0,0,0,0,,,,,248,273,,,,,unrelaxed_model_4_multimer_v3_pred_0.pdb
P09758_and_P21860,0,4,B,C,0,0,0,0,0.285,0,0,0,0,0.3,68.9,60.3,0.362,0,0,0,0,,,,,248,1342,,,,,unrelaxed_model_4_multimer_v3_pred_0.pdb
P09758_and_P21860,1,2,B,C,0,0,0,0,0.2286,0,0,0,0,0.243,71.9,61.8,0.364,0,0,0,0,,,,,248,1342,,,,,unrelaxed_model_2_multimer_v3_pred_0.pdb
P09758_and_P21860,2,1,B,C,0,0,0,0,0.2197,0,0,0,0,0.2324,73,61.3,0.35,0,0,0,0,,,,,248,1342,,,,,unrelaxed_model_1_multimer_v3_pred_0.pdb
P09758_and_P21860,3,5,B,C,0,0,0,0,0.1982,0,0,0,0,0.2033,70.5,61.5,0.359,0,0,0,0,,,,,248,1342,,,,,unrelaxed_model_5_multimer_v3_pred_0.pdb
P09758_and_P21860,4,3,B,C,0,0,0,0,0.1828,0,0,0,0,0.1962,70.4,60.5,0.348,0,0,0,0,,,,,248,1342,,,,,unrelaxed_model_3_multimer_v3_pred_0.pdb
P09758_and_P22102,0,5,B,C,0,0,0,0,0.2404,0,0,0,0,0.1961,73.7,88.1,0.446,0,0,0,0,,,,,248,1010,,,,,unrelaxed_model_5_multimer_v3_pred_0.pdb
P09758_and_P22102,1,4,B,C,0,0,0,0,0.2283,0,0,0,0,0.1966,69.5,86.5,0.438,0,0,0,0,,,,,248,1010,,,,,unrelaxed_model_4_multimer_v3_pred_0.pdb
P09758_and_P22102,2,3,B,C,0,0,0,0,0.1889,0,0,0,0,0.1833,73.3,87.3,0.437,0,0,0,0,,,,,248,1010,,,,,unrelaxed_model_3_multimer_v3_pred_0.pdb
P09758_and_P22102,3,1,B,C,0,0,0,0,0.2533,0,0,0,0,0.1803,68.9,87.2,0.439,0,0,0,0,,,,,248,1010,,,,,unrelaxed_model_1_multimer_v3_pred_0.pdb
P09758_and_P22102,4,2,B,C,0,0,0,0,0.2083,0,0,0,0,0.1731,73.2,88.8,0.456,0,0,0,0,,,,,248,1010,,,,,unrelaxed_model_2_multimer_v3_pred_0.pdb
P09758_and_P23229,0,2,B,C,0,0,0,0,0.3882,0,0,0,0,0.2722,73.8,78.1,0.563,0,0,0,0,,,,,248,1130,,,,,unrelaxed_model_2_multimer_v3_pred_0.pdb
P09758_and_P23229,1,1,B,C,0,0,0,0,0.3178,0,0,0,0,0.2642,71.4,76.3,0.527,0,0,0,0,,,,,248,1130,,,,,unrelaxed_model_1_multimer_v3_pred_0.pdb
P09758_and_P23229,2,3,B,C,0,0,0,0,0.3638,0,0,0,0,0.2388,72.1,75.3,0.533,0,0,0,0,,,,,248,1130,,,,,unrelaxed_model_3_multimer_v3_pred_0.pdb
P09758_and_P23229,3,5,B,C,0,0,0,0,0.2126,0,0,0,0,0.2243,71.1,75.8,0.53,0,0,0,0,,,,,248,1130,,,,,unrelaxed_model_5_multimer_v3_pred_0.pdb
P09758_and_P23229,4,4,B,C,0,0,0,0,0.3059,0,0,0,0,0.2062,71,75.8,0.536,0,0,0,0,,,,,248,1130,,,,,unrelaxed_model_4_multimer_v3_pred_0.pdb
P09758_and_P27487,0,2,B,C,0,0,0,0,0.1539,0,0,0,0,0.1894,67,89.3,0.723,0,0,0,0,,,,,248,766,,,,,unrelaxed_model_2_multimer_v3_pred_0.pdb
P09758_and_P27487,1,5,B,C,0,0,0,0,0.2798,0,0,0,0,0.1864,70.2,89.1,0.733,0,0,0,0,,,,,248,766,,,,,unrelaxed_model_5_multimer_v3_pred_0.pdb
P09758_and_P27487,2,3,B,C,0,0,0,0,0.1467,0,0,0,0,0.1829,68.5,89.6,0.732,0,0,0,0,,,,,248,766,,,,,unrelaxed_model_3_multimer_v3_pred_0.pdb
P09758_and_P27487,3,4,B,C,0,0,0,0,0.2108,0,0,0,0,0.1736,70.9,89.3,0.726,0,0,0,0,,,,,248,766,,,,,unrelaxed_model_4_multimer_v3_pred_0.pdb
P09758_and_P27487,4,1,B,C,0,0,0,0,0.1565,0,0,0,0,0.1696,63.8,89,0.726,0,0,0,0,,,,,248,766,,,,,unrelaxed_model_1_multimer_v3_pred_0.pdb
P09758_and_P29323,0,1,B,C,0,0,0,0,0.2126,0,0,0,0,0.2034,74.2,72.5,0.353,0,0,0,0,,,,,248,1055,,,,,unrelaxed_model_1_multimer_v3_pred_0.pdb
P09758_and_P29323,1,3,B,C,0,0,0,0,0.2068,0,0,0,0,0.1915,73.7,72.5,0.359,0,0,0,0,,,,,248,1055,,,,,unrelaxed_model_3_multimer_v3_pred_0.pdb
P09758_and_P29323,2,2,B,C,0,0,0,0,0.1818,0,0,0,0,0.1797,73.8,72.4,0.361,0,0,0,0,,,,,248,1055,,,,,unrelaxed_model_2_multimer_v3_pred_0.pdb
P09758_and_P29323,3,4,B,C,0,0,0,0,0.1818,0,0,0,0,0.1751,72.3,70.8,0.354,0,0,0,0,,,,,248,1055,,,,,unrelaxed_model_4_multimer_v3_pred_0.pdb
P09758_and_P29323,4,5,B,C,0,0,0,0,0.1861,0,0,0,0,0.1736,72.2,71.4,0.354,0,0,0,0,,,,,248,1055,,,,,unrelaxed_model_5_multimer_v3_pred_0.pdb
P09758_and_P30050,0,2,B,C,0,0,0,0,0.1645,0,0,0,0,0.181,79.6,70.1,0.595,0,0,0,0,,,,,248,165,,,,,unrelaxed_model_2_multimer_v3_pred_0.pdb
P09758_and_P30050,1,4,B,C,0,0,0,0,0.1182,0,0,0,0,0.1733,78.2,69.9,0.589,0,0,0,0,,,,,248,165,,,,,unrelaxed_model_4_multimer_v3_pred_0.pdb
P09758_and_P30050,2,1,B,C,0,0,0,0,0.1129,0,0,0,0,0.1382,77.5,70.9,0.571,0,0,0,0,,,,,248,165,,,,,unrelaxed_model_1_multimer_v3_pred_0.pdb
P09758_and_P30050,3,5,B,C,0,0,0,0,0.1224,0,0,0,0,0.1379,77.1,73.6,0.57,0,0,0,0,,,,,248,165,,,,,unrelaxed_model_5_multimer_v3_pred_0.pdb
P09758_and_P30050,4,3,B,C,0,0,0,0,0.0892,0,0,0,0,0.1097,78.2,78.2,0.561,0,0,0,0,,,,,248,165,,,,,unrelaxed_model_3_multimer_v3_pred_0.pdb
P09758_and_P31153,0,1,B,C,0,0,0,0,0.1885,0,0,0,0,0.1908,75.1,89.9,0.635,0,0,0,0,,,,,248,395,,,,,unrelaxed_model_1_multimer_v3_pred_0.pdb
P09758_and_P31153,1,2,B,C,0,0,0,0,0.1363,0,0,0,0,0.1593,77.5,90.2,0.623,0,0,0,0,,,,,248,395,,,,,unrelaxed_model_2_multimer_v3_pred_0.pdb
P09758_and_P31153,2,3,B,C,0,0,0,0,0.1282,0,0,0,0,0.1497,79.2,89.5,0.615,0,0,0,0,,,,,248,395,,,,,unrelaxed_model_3_multimer_v3_pred_0.pdb
P09758_and_P31153,3,5,B,C,0,0,0,0,0.1282,0,0,0,0,0.1466,78.2,89.7,0.617,0,0,0,0,,,,,248,395,,,,,unrelaxed_model_5_multimer_v3_pred_0.pdb
P09758_and_P31153,4,4,B,C,0,0,0,0,0.1123,0,0,0,0,0.1282,79.1,89.8,0.611,0,0,0,0,,,,,248,395,,,,,unrelaxed_model_4_multimer_v3_pred_0.pdb
P09758_and_P31943,0,4,B,C,0,0,0,0,0.2096,0,0,0,0,0.1828,77.2,47.6,0.412,0,0,0,0,,,,,248,449,,,,,unrelaxed_model_4_multimer_v3_pred_0.pdb
P09758_and_P31943,1,1,B,C,0,0,0,0,0.161,0,0,0,0,0.1648,78.4,48.2,0.405,0,0,0,0,,,,,248,449,,,,,unrelaxed_model_1_multimer_v3_pred_0.pdb
P09758_and_P31943,2,5,B,C,0,0,0,0,0.1368,0,0,0,0,0.1596,76.8,50.8,0.396,0,0,0,0,,,,,248,449,,,,,unrelaxed_model_5_multimer_v3_pred_0.pdb
P09758_and_P31943,3,3,B,C,0,0,0,0,0.1824,0,0,0,0,0.1569,76.3,48.3,0.404,0,0,0,0,,,,,248,449,,,,,unrelaxed_model_3_multimer_v3_pred_0.pdb
P09758_and_P31943,4,2,B,C,0,0,0,0,0.1463,0,0,0,0,0.1439,79.4,49.5,0.408,0,0,0,0,,,,,248,449,,,,,unrelaxed_model_2_multimer_v3_pred_0.pdb
P09758_and_P35052,0,1,B,C,0,0,0,0,0.2579,0,0,0,0,0.2366,75.6,75.1,0.598,0,0,0,0,,,,,248,558,,,,,unrelaxed_model_1_multimer_v3_pred_0.pdb
P09758_and_P35052,1,5,B,C,0,0,0,0,0.2456,0,0,0,0,0.2318,76.9,74.7,0.596,0,0,0,0,,,,,248,558,,,,,unrelaxed_model_5_multimer_v3_pred_0.pdb
P09758_and_P35052,2,3,B,C,0,0,0,0,0.1858,0,0,0,0,0.2168,75.9,74.9,0.595,0,0,0,0,,,,,248,558,,,,,unrelaxed_model_3_multimer_v3_pred_0.pdb
P09758_and_P35052,3,2,B,C,0,0,0,0,0.1872,0,0,0,0,0.1856,78.2,75.5,0.581,0,0,0,0,,,,,248,558,,,,,unrelaxed_model_2_multimer_v3_pred_0.pdb
P09758_and_P35052,4,4,B,C,0,0,0,0,0.1347,0,0,0,0,0.1498,76.3,74.3,0.566,0,0,0,0,,,,,248,558,,,,,unrelaxed_model_4_multimer_v3_pred_0.pdb
P09758_and_P42345,0,3,B,C,0,0,0,0,0.2781,0,0,0,0,0.3322,61.2,75.8,0.665,0,0,0,0,,,,,248,2549,,,,,unrelaxed_model_3_multimer_v3_pred_0.pdb
P09758_and_P42345,1,5,B,C,0,0,0,0,0.3327,0,0,0,0,0.3146,61.7,76.4,0.684,0,0,0,0,,,,,248,2549,,,,,unrelaxed_model_5_multimer_v3_pred_0.pdb
P09758_and_P42345,2,2,B,C,0,0,0,0,0.2606,0,0,0,0,0.2914,59.6,77.5,0.688,0,0,0,0,,,,,248,2549,,,,,unrelaxed_model_2_multimer_v3_pred_0.pdb
P09758_and_P42345,3,4,B,C,0,0,0,0,0.2744,0,0,0,0,0.2903,60,75.8,0.651,0,0,0,0,,,,,248,2549,,,,,unrelaxed_model_4_multimer_v3_pred_0.pdb
P09758_and_P42345,4,1,B,C,0,0,0,0,0.2583,0,0,0,0,0.2787,62.7,75.2,0.596,0,0,0,0,,,,,248,2549,,,,,unrelaxed_model_1_multimer_v3_pred_0.pdb
P09758_and_P45880,0,5,B,C,0,0,0,0,0.1176,0,0,0,0,0.1404,76.9,82.2,0.517,0,0,0,0,,,,,248,294,,,,,unrelaxed_model_5_multimer_v3_pred_0.pdb
P09758_and_P45880,1,4,B,C,0,0,0,0,0.1124,0,0,0,0,0.1355,75.9,72.2,0.466,0,0,0,0,,,,,248,294,,,,,unrelaxed_model_4_multimer_v3_pred_0.pdb
P09758_and_P45880,2,3,B,C,0,0,0,0,0.0968,0,0,0,0,0.1172,76.1,78.3,0.487,0,0,0,0,,,,,248,294,,,,,unrelaxed_model_3_multimer_v3_pred_0.pdb
P09758_and_P45880,3,2,B,C,0,0,0,0,0.1041,0,0,0,0,0.1151,78.4,78.5,0.482,0,0,0,0,,,,,248,294,,,,,unrelaxed_model_2_multimer_v3_pred_0.pdb
P09758_and_P45880,4,1,B,C,0,0,0,0,0.1011,0,0,0,0,0.1209,77.4,62.4,0.458,0,0,0,0,,,,,248,294,,,,,unrelaxed_model_1_multimer_v3_pred_0.pdb
P09758_and_P49915,0,1,B,C,0,0,0,0,0.239,0,0,0,0,0.2472,66.3,82.9,0.634,0,0,0,0,,,,,248,693,,,,,unrelaxed_model_1_multimer_v3_pred_0.pdb
P09758_and_P49915,1,2,B,C,0,0,0,0,0.2181,0,0,0,0,0.2229,72.3,83.7,0.631,0,0,0,0,,,,,248,693,,,,,unrelaxed_model_2_multimer_v3_pred_0.pdb
P09758_and_P49915,2,3,B,C,0,0,0,0,0.2248,0,0,0,0,0.2001,70.8,83.5,0.629,0,0,0,0,,,,,248,693,,,,,unrelaxed_model_3_multimer_v3_pred_0.pdb
P09758_and_P49915,3,4,B,C,0,0,0,0,0.2482,0,0,0,0,0.1736,69.5,83.1,0.639,0,0,0,0,,,,,248,693,,,,,unrelaxed_model_4_multimer_v3_pred_0.pdb
P09758_and_P49915,4,5,B,C,0,0,0,0,0.1619,0,0,0,0,0.1657,72.6,83.9,0.64,0,0,0,0,,,,,248,693,,,,,unrelaxed_model_5_multimer_v3_pred_0.pdb
P09758_and_P50281,0,1,B,C,0,0,0,0,0.2823,0,0,0,0,0.279,74,70.6,0.517,0,0,0,0,,,,,248,582,,,,,unrelaxed_model_1_multimer_v3_pred_0.pdb
P09758_and_P50281,1,5,B,C,0,0,0,0,0.2532,0,0,0,0,0.2396,75.4,68.4,0.469,0,0,0,0,,,,,248,582,,,,,unrelaxed_model_5_multimer_v3_pred_0.pdb
P09758_and_P50281,2,2,B,C,0,0,0,0,0.1977,0,0,0,0,0.2023,76.8,71.3,0.496,0,0,0,0,,,,,248,582,,,,,unrelaxed_model_2_multimer_v3_pred_0.pdb
P09758_and_P50281,3,3,B,C,0,0,0,0,0.1812,0,0,0,0,0.1761,75.8,68.1,0.411,0,0,0,0,,,,,248,582,,,,,unrelaxed_model_3_multimer_v3_pred_0.pdb
P09758_and_P50281,4,4,B,C,0,0,0,0,0.1676,0,0,0,0,0.1636,75,67.7,0.429,0,0,0,0,,,,,248,582,,,,,unrelaxed_model_4_multimer_v3_pred_0.pdb
P09758_and_P51153,4,5,B,C,0,0,0,0,0.2608,0.0125,0,1,0,0.1938,77.9,68.8,0.563,1,1,0,0,81.8,74.8,,,248,203,[101],[61],,,unrelaxed_model_5_multimer_v3_pred_0.pdb
P09758_and_P52272,0,4,B,C,0,0,0,0,0.2359,0,0,0,0,0.2605,76.8,34.5,0.352,0,0,0,0,,,,,248,730,,,,,unrelaxed_model_4_multimer_v3_pred_0.pdb
P09758_and_P52272,1,3,B,C,0,0,0,0,0.1953,0,0,0,0,0.1771,76.3,36.1,0.336,0,0,0,0,,,,,248,730,,,,,unrelaxed_model_3_multimer_v3_pred_0.pdb
P09758_and_P52272,2,1,B,C,0,0,0,0,0.1701,0,0,0,0,0.1686,79.1,35.2,0.339,0,0,0,0,,,,,248,730,,,,,unrelaxed_model_1_multimer_v3_pred_0.pdb
P09758_and_P52272,3,5,B,C,0,0,0,0,0.1722,0,0,0,0,0.1637,77.8,37.4,0.332,0,0,0,0,,,,,248,730,,,,,unrelaxed_model_5_multimer_v3_pred_0.pdb
P09758_and_P52272,4,2,B,C,0,0,0,0,0.2078,0,0,0,0,0.1611,79.4,37.5,0.339,0,0,0,0,,,,,248,730,,,,,unrelaxed_model_2_multimer_v3_pred_0.pdb
P09758_and_P52597,0,4,B,C,0,0,0,0,0.1809,0,0,0,0,0.1573,76.9,49.6,0.422,0,0,0,0,,,,,248,415,,,,,unrelaxed_model_4_multimer_v3_pred_0.pdb
P09758_and_P52597,1,5,B,C,0,0,0,0,0.1281,0,0,0,0,0.1579,77.6,53.4,0.41,0,0,0,0,,,,,248,415,,,,,unrelaxed_model_5_multimer_v3_pred_0.pdb
P09758_and_P52597,2,1,B,C,0,0,0,0,0.1841,0,0,0,0,0.1525,78.9,50.4,0.421,0,0,0,0,,,,,248,415,,,,,unrelaxed_model_1_multimer_v3_pred_0.pdb
P09758_and_P52597,3,2,B,C,0,0,0,0,0.1621,0,0,0,0,0.1476,79.2,51.7,0.421,0,0,0,0,,,,,248,415,,,,,unrelaxed_model_2_multimer_v3_pred_0.pdb
P09758_and_P52597,4,3,B,C,0,0,0,0,0.1516,0,0,0,0,0.1438,76.6,51.3,0.415,0,0,0,0,,,,,248,415,,,,,unrelaxed_model_3_multimer_v3_pred_0.pdb
P09758_and_P55795,0,4,B,C,0,0,0,0,0.2409,0,0,0,0,0.1892,77.9,48.2,0.414,0,0,0,0,,,,,248,449,,,,,unrelaxed_model_4_multimer_v3_pred_0.pdb
P09758_and_P55795,1,1,B,C,0,0,0,0,0.1781,0,0,0,0,0.1859,78.2,48.6,0.409,0,0,0,0,,,,,248,449,,,,,unrelaxed_model_1_multimer_v3_pred_0.pdb
P09758_and_P55795,2,5,B,C,0,0,0,0,0.1431,0,0,0,0,0.1706,76.9,50,0.396,0,0,0,0,,,,,248,449,,,,,unrelaxed_model_5_multimer_v3_pred_0.pdb
P09758_and_P55795,3,3,B,C,0,0,0,0,0.1608,0,0,0,0,0.1537,76.9,49.3,0.403,0,0,0,0,,,,,248,449,,,,,unrelaxed_model_3_multimer_v3_pred_0.pdb
P09758_and_P55795,4,2,B,C,0,0,0,0,0.1576,0,0,0,0,0.1464,78.5,49.3,0.409,0,0,0,0,,,,,248,449,,,,,unrelaxed_model_2_multimer_v3_pred_0.pdb
P09758_and_P57088,0,5,B,C,0,0,0,0,0.2182,0,0,0,0,0.175,76.1,80.1,0.51,0,0,0,0,,,,,248,247,,,,,unrelaxed_model_5_multimer_v3_pred_0.pdb
P09758_and_P57088,1,2,B,C,0,0,0,0,0.1285,0,0,0,0,0.1716,78.4,83.1,0.516,0,0,0,0,,,,,248,247,,,,,unrelaxed_model_2_multimer_v3_pred_0.pdb
P09758_and_P57088,2,4,B,C,0,0,0,0,0.1532,0,0,0,0,0.1583,77.2,81.5,0.509,0,0,0,0,,,,,248,247,,,,,unrelaxed_model_4_multimer_v3_pred_0.pdb
P09758_and_P57088,3,1,B,C,0,0,0,0,0.1376,0,0,0,0,0.1577,76.7,81.7,0.51,0,0,0,0,,,,,248,247,,,,,unrelaxed_model_1_multimer_v3_pred_0.pdb
P09758_and_P57088,4,3,B,C,0,0,0,0,0.1364,0,0,0,0,0.146,76,81.5,0.498,0,0,0,0,,,,,248,247,,,,,unrelaxed_model_3_multimer_v3_pred_0.pdb
P09758_and_P59190,0,4,B,C,0,0,0,0.0111,0.2256,0.0263,0,631,0,0.2195,77.9,66.3,0.571,135,10,0,0,86.9,79.9,,,248,212,"[11-12,15-17,30-32,43-52,78-83,85-93,95-106,108,112-118,123-136,141-181,191-207,209-210,224-229,234-235]","[11-14,61-62,81,83-85]",,,unrelaxed_model_4_multimer_v3_pred_0.pdb
P09758_and_P59190,1,2,B,C,0,0,0,0,0.2596,0.0123,0,20,0,0.2107,78.6,70.1,0.562,20,1,0,0,87.6,87.5,,,248,212,"[48,52,100-101,103,126-128,134,147,151,155,169,175,177-180,202-203]",[13],,,unrelaxed_model_2_multimer_v3_pred_0.pdb
P09758_and_P59190,2,1,B,C,0,0,0,0,0.2494,0,0,0,0,0.1877,77.1,67.9,0.553,0,0,0,0,,,,,248,212,,,,,unrelaxed_model_1_multimer_v3_pred_0.pdb
P09758_and_P59190,3,5,B,C,0,0,0,0,0.205,0,0,0,0,0.1862,77.2,68.6,0.554,0,0,0,0,,,,,248,212,,,,,unrelaxed_model_5_multimer_v3_pred_0.pdb
P09758_and_P59190,4,3,B,C,0,0,0,0,0.1871,0,0,0,0,0.1732,77.4,70.8,0.546,0,0,0,0,,,,,248,212,,,,,unrelaxed_model_3_multimer_v3_pred_0.pdb
P09758_and_P61006,2,2,B,C,0,0,0,0,0.2294,0.0118,0,48,0,0.2087,79.3,68.7,0.568,19,6,0,0,88.8,81.6,,,248,207,"[48,52,88,99-101,126-127,134,146,155,175,177,179,193,199,201-203]","[11-13,61-62,85]",,,unrelaxed_model_2_multimer_v3_pred_0.pdb
P09758_and_P61006,3,5,B,C,0,0,0,0,0.2217,0,0,0,0,0.1948,77.5,66.2,0.56,0,0,0,0,,,,,248,207,,,,,unrelaxed_model_5_multimer_v3_pred_0.pdb
P09758_and_P61006,4,1,B,C,0,0,0,0,0.2509,0,0,0,0,0.1827,77.3,65.9,0.556,0,0,0,0,,,,,248,207,,,,,unrelaxed_model_1_multimer_v3_pred_0.pdb
P09758_and_P61026,1,4,B,C,0,0,0,0,0.2475,0.0175,0,160,0,0.2214,79.4,71.2,0.582,74,8,0,0,88.2,76.5,,,248,200,"[43-44,48-49,52,80-81,88,91-93,99-101,103-106,112,123-130,133-134,143,145-155,158,160,163-171,173-181,192-193,196-200,203-204,226,228,232,235]","[12-14,39,47,62-63,86]",,,unrelaxed_model_4_multimer_v3_pred_0.pdb
P09758_and_P61026,3,2,B,C,0,0,0,0,0.2074,0,0,0,0,0.1864,79.3,70.8,0.561,0,0,0,0,,,,,248,200,,,,,unrelaxed_model_2_multimer_v3_pred_0.pdb
P09758_and_P61026,4,5,B,C,0,0,0,0,0.1891,0,0,0,0,0.1859,77.7,68.9,0.563,0,0,0,0,,,,,248,200,,,,,unrelaxed_model_5_multimer_v3_pred_0.pdb
P09758_and_P62266,0,4,B,C,0,0,0,0.0118,0.1809,0.0293,0,936,0,0.208,79,42.6,0.632,160,14,0,0,87.5,57.9,,,248,143,"[10-18,29-33,35-37,39,41-53,78-106,108,110-119,122-136,141-181,191-210,223-228,230-236]","[51,69-72,81-84,100,102,120-122]",,,unrelaxed_model_4_multimer_v3_pred_0.pdb
P09758_and_P62266,3,2,B,C,0,0,0,0.0116,0.2061,0.0311,0,694,0,0.1958,80.3,49.6,0.625,169,10,0,0,89,62.5,,,248,143,"[10-18,29-52,78-106,108-119,121-136,141-181,191-210,219-220,223-228,230-239]","[67-70,82-85,121-122]",,,unrelaxed_model_2_multimer_v3_pred_0.pdb
P09758_and_P62266,4,3,B,C,0,0,0,0,0.163,0.0042,0,1,0,0.1731,79.3,47.5,0.613,1,1,0,0,96.3,67.5,,,248,143,[149],[83],,,unrelaxed_model_3_multimer_v3_pred_0.pdb
P09758_and_P62633,0,4,B,C,0,0,0,0,0.2213,0,0,0,0,0.164,76.6,36.3,0.575,0,0,0,0,,,,,248,177,,,,,unrelaxed_model_4_multimer_v3_pred_0.pdb
P09758_and_P62633,1,3,B,C,0,0,0,0,0.2027,0,0,0,0,0.1615,76.8,35.5,0.569,0,0,0,0,,,,,248,177,,,,,unrelaxed_model_3_multimer_v3_pred_0.pdb
P09758_and_P62633,2,2,B,C,0,0,0,0,0.1649,0,0,0,0,0.1498,79.7,37.9,0.571,0,0,0,0,,,,,248,177,,,,,unrelaxed_model_2_multimer_v3_pred_0.pdb
P09758_and_P62633,3,1,B,C,0,0,0,0,0.1696,0,0,0,0,0.1407,78.3,36.6,0.569,0,0,0,0,,,,,248,177,,,,,unrelaxed_model_1_multimer_v3_pred_0.pdb
P09758_and_P62633,4,5,B,C,0,0,0,0,0.0926,0,0,0,0,0.1248,74.7,34.3,0.547,0,0,0,0,,,,,248,177,,,,,unrelaxed_model_5_multimer_v3_pred_0.pdb
P09758_and_P62820,0,4,B,C,0,0,0,0.0111,0.2364,0.0252,0,661,0,0.2225,78.5,65,0.581,140,11,0,0,87.3,76.3,,,248,205,"[10-17,30-32,43-52,78-83,85-93,95-106,108,110-118,123-136,141-181,191-207,209-210,224-228,232,235-236]","[14-17,63-65,84,86-88]",,,unrelaxed_model_4_multimer_v3_pred_0.pdb
P09758_and_P62820,1,5,B,C,0,0,0,0,0.2076,0,0,0,0,0.2009,77.3,67.7,0.564,0,0,0,0,,,,,248,205,,,,,unrelaxed_model_5_multimer_v3_pred_0.pdb
P09758_and_P62820,2,3,B,C,0,0,0,0,0.209,0,0,0,0,0.1974,78.3,67.8,0.564,0,0,0,0,,,,,248,205,,,,,unrelaxed_model_3_multimer_v3_pred_0.pdb
P09758_and_P62820,3,1,B,C,0,0,0,0,0.2328,0,0,0,0,0.1914,76.9,67.1,0.561,0,0,0,0,,,,,248,205,,,,,unrelaxed_model_1_multimer_v3_pred_0.pdb
P09758_and_P62820,4,2,B,C,0,0,0,0,0.176,0,0,0,0,0.1903,79.2,68.3,0.561,0,0,0,0,,,,,248,205,,,,,unrelaxed_model_2_multimer_v3_pred_0.pdb
P09758_and_P62826,0,3,B,C,0,0,0,0,0.1976,0.0123,0,17,0,0.2095,77.6,78,0.559,9,4,0,0,88.8,91.3,,,248,216,"[101,149,155,169,173,175,177,179,202]","[13,15,63,87]",,,unrelaxed_model_3_multimer_v3_pred_0.pdb
P09758_and_P62826,1,4,B,C,0,0,0,0,0.211,0.0183,0,206,0,0.2072,78.4,76.4,0.565,77,10,0,0,89.4,88.3,,,248,216,"[43-45,48-49,81,88-89,91-92,100-106,123,126-130,133-134,136,143-158,160,162,164-171,173-180,192-193,195-204,206-207,224,226,228]","[13-15,61-64,86-87,161]",,,unrelaxed_model_4_multimer_v3_pred_0.pdb
P09758_and_P62826,2,2,B,C,0,0,0,0,0.1998,0.0125,0,1,0,0.2034,79.1,79.9,0.558,1,1,0,0,78.9,91.4,,,248,216,[133],[161],,,unrelaxed_model_2_multimer_v3_pred_0.pdb
P09758_and_P62826,3,5,B,C,0,0,0,0,0.1318,0,0,0,0,0.188,76.5,77.6,0.544,0,0,0,0,,,,,248,216,,,,,unrelaxed_model_5_multimer_v3_pred_0.pdb
P09758_and_P62826,4,1,B,C,0,0,0,0,0.1796,0,0,0,0,0.1833,76.9,76.1,0.544,0,0,0,0,,,,,248,216,,,,,unrelaxed_model_1_multimer_v3_pred_0.pdb
P09758_and_P62829,0,4,B,C,0,0,0,0.0129,0.1895,0.0435,0,1258,0,0.2321,79.8,64.6,0.641,173,16,0,0,88.1,78.7,,,248,140,"[10-18,29-54,78-137,140-181,191-210,223-238]","[29,56-58,79-84,101-104,122,125]",,,unrelaxed_model_4_multimer_v3_pred_0.pdb
P09758_and_P62829,1,1,B,C,0,0,0,0,0.1906,0.0128,0,30,0,0.2206,79.2,70.9,0.627,22,4,0,0,92.3,81.7,,,248,140,"[101,127,134,141,143-151,154-155,169-170,173,175,177,179,203]","[57,82-83,122]",,,unrelaxed_model_1_multimer_v3_pred_0.pdb
P09758_and_P62829,2,2,B,C,0,0,0,0.0113,0.1989,0.0292,0,921,0,0.2162,80.7,70.4,0.634,149,12,0,0,89.3,83.9,,,248,140,"[10,12,16-17,29-32,36,43-53,79-93,95-106,108-110,112-119,122-136,141-181,191-210,223-228,230-238]","[57-58,80-84,102-103,121-122,125]",,,unrelaxed_model_2_multimer_v3_pred_0.pdb
P09758_and_P62829,3,3,B,C,0,0,0,0,0.1989,0.0141,0,111,0,0.216,79.4,73.7,0.627,54,7,0,0,90.8,87.5,,,248,140,"[44,49,52,81,89-91,99-105,115,117,123,127-128,130,134,143,146-147,149-151,153-155,158,164,168-170,173,175-179,192-193,197,199-200,202-204,206,208,224-226]","[81-83,102-103,121-122]",,,unrelaxed_model_3_multimer_v3_pred_0.pdb
P09758_and_P62829,4,5,B,C,0,0,0,0,0.1773,0.0233,0,442,0,0.2021,78.4,67.5,0.626,116,9,0,0,88.3,81.9,,,248,140,"[15,31,43-53,79-83,86-93,99-106,110,112-116,122-130,132-136,141-155,157-158,160,162-180,191-209,224-228,236]","[57,80-84,102-103,122]",,,unrelaxed_model_5_multimer_v3_pred_0.pdb
P09758_and_P63173,3,3,B,C,0,0,0,0,0.154,0.0042,0,1,0,0.2326,82.8,76.3,0.721,1,1,0,0,93.3,82.4,,,248,70,[103],[45],,,unrelaxed_model_3_multimer_v3_pred_0.pdb
P09758_and_P63173,4,5,B,C,0,0,0,0,0.0968,0,0,0,0,0.1634,82.2,64,0.711,0,0,0,0,,,,,248,70,,,,,unrelaxed_model_5_multimer_v3_pred_0.pdb
P09758_and_P78504,0,2,B,C,0,0,0,0,0.2315,0,0,0,0,0.2377,73.8,64.5,0.431,0,0,0,0,,,,,248,1218,,,,,unrelaxed_model_2_multimer_v3_pred_0.pdb
P09758_and_P78504,1,4,B,C,0,0,0,0,0.1958,0,0,0,0,0.2036,69.3,63.5,0.439,0,0,0,0,,,,,248,1218,,,,,unrelaxed_model_4_multimer_v3_pred_0.pdb
P09758_and_P78504,2,3,B,C,0,0,0,0,0.2348,0,0,0,0,0.2386,74.4,61.8,0.288,0,0,0,0,,,,,248,1218,,,,,unrelaxed_model_3_multimer_v3_pred_0.pdb
P09758_and_P78504,3,5,B,C,0,0,0,0,0.2183,0,0,0,0,0.2039,70.7,61.3,0.415,0,0,0,0,,,,,248,1218,,,,,unrelaxed_model_5_multimer_v3_pred_0.pdb
P09758_and_P78504,4,1,B,C,0,0,0,0,0.2133,0,0,0,0,0.2059,75.3,58,0.294,0,0,0,0,,,,,248,1218,,,,,unrelaxed_model_1_multimer_v3_pred_0.pdb
P09758_and_Q00266,0,1,B,C,0,0,0,0,0.2678,0,0,0,0,0.226,73.8,89.4,0.646,0,0,0,0,,,,,248,395,,,,,unrelaxed_model_1_multimer_v3_pred_0.pdb
P09758_and_Q00266,1,3,B,C,0,0,0,0,0,0,0,0,0,0.2108,79.6,90,0.632,0,0,0,0,,,,,248,395,,,,,unrelaxed_model_3_multimer_v3_pred_0.pdb
P09758_and_Q00266,2,2,B,C,0,0,0,0,0.1513,0,0,0,0,0.1633,76.1,89.8,0.624,0,0,0,0,,,,,248,395,,,,,unrelaxed_model_2_multimer_v3_pred_0.pdb
P09758_and_Q00266,3,4,B,C,0,0,0,0,0.159,0,0,0,0,0.1582,78.2,89.8,0.623,0,0,0,0,,,,,248,395,,,,,unrelaxed_model_4_multimer_v3_pred_0.pdb
P09758_and_Q00266,4,5,B,C,0,0,0,0,0.1614,0,0,0,0,0.1552,77.1,89.3,0.621,0,0,0,0,,,,,248,395,,,,,unrelaxed_model_5_multimer_v3_pred_0.pdb
P09758_and_Q00325,1,4,B,C,0,0,0,0,0.1974,0,0,0,0,0.1759,77.6,75.6,0.533,0,0,0,0,,,,,248,362,,,,,unrelaxed_model_4_multimer_v3_pred_0.pdb
P09758_and_Q00325,2,5,B,C,0,0,0,0,0.2275,0,0,0,0,0.1694,77.1,74.2,0.522,0,0,0,0,,,,,248,362,,,,,unrelaxed_model_5_multimer_v3_pred_0.pdb
P09758_and_Q00325,3,2,B,C,0,0,0,0,0.1493,0,0,0,0,0.1401,77.8,74.2,0.512,0,0,0,0,,,,,248,362,,,,,unrelaxed_model_2_multimer_v3_pred_0.pdb
P09758_and_Q00325,4,3,B,C,0,0,0,0,0.1197,0,0,0,0,0.1235,77.8,74.6,0.507,0,0,0,0,,,,,248,362,,,,,unrelaxed_model_3_multimer_v3_pred_0.pdb
P09758_and_Q04912,1,3,B,C,0,0,0,0,0.4084,0.0083,0,2,0,0.3997,71.2,75.1,0.547,1,2,0,0,81.7,90.2,,,248,1400,[105],"[196,219]",,,unrelaxed_model_3_multimer_v3_pred_0.pdb
P09758_and_Q04912,2,4,B,C,0,0,0,0,0.3924,0,0,0,0,0.3491,63.9,74.4,0.538,0,0,0,0,,,,,248,1400,,,,,unrelaxed_model_4_multimer_v3_pred_0.pdb
P09758_and_Q04912,3,2,B,C,0,0,0,0,0.3066,0,0,0,0,0.303,68,76.3,0.543,0,0,0,0,,,,,248,1400,,,,,unrelaxed_model_2_multimer_v3_pred_0.pdb
P09758_and_Q04912,4,5,B,C,0,0,0,0,0.2566,0,0,0,0,0.2992,62.5,74.5,0.523,0,0,0,0,,,,,248,1400,,,,,unrelaxed_model_5_multimer_v3_pred_0.pdb
P09758_and_Q12864,0,5,B,C,0,0,0,0,0.1693,0,0,0,0,0.1984,73.5,80.7,0.4,0,0,0,0,,,,,248,832,,,,,unrelaxed_model_5_multimer_v3_pred_0.pdb
P09758_and_Q12864,1,3,B,C,0,0,0,0,0.1261,0,0,0,0,0.1611,74,81.1,0.403,0,0,0,0,,,,,248,832,,,,,unrelaxed_model_3_multimer_v3_pred_0.pdb
P09758_and_Q12864,2,1,B,C,0,0,0,0,0.1506,0,0,0,0,0.1558,72.3,80.6,0.359,0,0,0,0,,,,,248,832,,,,,unrelaxed_model_1_multimer_v3_pred_0.pdb
P09758_and_Q12864,3,4,B,C,0,0,0,0,0.1448,0,0,0,0,0.1446,72.8,80.8,0.398,0,0,0,0,,,,,248,832,,,,,unrelaxed_model_4_multimer_v3_pred_0.pdb
P09758_and_Q12864,4,2,B,C,0,0,0,0,0,0,0,0,0,0.1501,73.5,82.8,0.364,0,0,0,0,,,,,248,832,,,,,unrelaxed_model_2_multimer_v3_pred_0.pdb
P09758_and_Q13433,1,2,B,C,0,0,0,0,0.3689,0,0,0,0,0.2311,80.9,44.2,0.345,0,0,0,0,,,,,248,755,,,,,unrelaxed_model_2_multimer_v3_pred_0.pdb
P09758_and_Q13433,2,4,B,C,0,0,0,0,0.1872,0,0,0,0,0.2217,76.6,41.5,0.334,0,0,0,0,,,,,248,755,,,,,unrelaxed_model_4_multimer_v3_pred_0.pdb
P09758_and_Q13433,3,3,B,C,0,0,0,0,0.1823,0,0,0,0,0.2073,76.4,42.8,0.336,0,0,0,0,,,,,248,755,,,,,unrelaxed_model_3_multimer_v3_pred_0.pdb
P09758_and_Q13433,4,5,B,C,0,0,0,0,0.1802,0,0,0,0,0.186,77.3,39.6,0.324,0,0,0,0,,,,,248,755,,,,,unrelaxed_model_5_multimer_v3_pred_0.pdb
P09758_and_Q14126,1,2,B,C,0,0,0,0,0.4487,0.0089,0,14,0,0.3786,77.1,53.1,0.36,12,2,0,0,89.1,34.1,,,248,1118,"[10,29-30,148,151-152,155-156,160,163,173,229]","[1016,1018]",,,unrelaxed_model_2_multimer_v3_pred_0.pdb
P09758_and_Q14126,2,4,B,C,0,0,0,0,0.3623,0,0,0,0,0.2854,72.7,49.8,0.35,0,0,0,0,,,,,248,1118,,,,,unrelaxed_model_4_multimer_v3_pred_0.pdb
P09758_and_Q14126,3,5,B,C,0,0,0,0,0.2468,0,0,0,0,0.2155,74.3,51.1,0.344,0,0,0,0,,,,,248,1118,,,,,unrelaxed_model_5_multimer_v3_pred_0.pdb
P09758_and_Q14126,4,3,B,C,0,0,0,0,0.1434,0,0,0,0,0.1519,76.4,50.4,0.344,0,0,0,0,,,,,248,1118,,,,,unrelaxed_model_3_multimer_v3_pred_0.pdb
P09758_and_Q7L014,1,1,B,C,0,0,0,0,0.3392,0,0,0,0,0.3202,75.9,58.3,0.365,0,0,0,0,,,,,248,1031,,,,,unrelaxed_model_1_multimer_v3_pred_0.pdb
P09758_and_Q7L014,2,2,B,C,0,0,0,0,0.2914,0,0,0,0,0.2949,77.4,58,0.376,0,0,0,0,,,,,248,1031,,,,,unrelaxed_model_2_multimer_v3_pred_0.pdb
P09758_and_Q7L014,3,3,B,C,0,0,0,0,0.2464,0,0,0,0,0.2762,76.6,56.6,0.424,0,0,0,0,,,,,248,1031,,,,,unrelaxed_model_3_multimer_v3_pred_0.pdb
P09758_and_Q7L014,4,4,B,C,0,0,0,0,0.234,0,0,0,0,0.2149,75.1,53.2,0.349,0,0,0,0,,,,,248,1031,,,,,unrelaxed_model_4_multimer_v3_pred_0.pdb
P09758_and_Q92692,4,5,B,C,0,0,0,0,0.2977,0,0,0,0,0.1728,78.2,60.9,0.443,0,0,0,0,,,,,248,538,,,,,unrelaxed_model_5_multimer_v3_pred_0.pdb
P09758_and_Q92928,0,5,B,C,0,0,0,0,0.2541,0.0158,0,306,0,0.2268,78.2,67.3,0.584,93,10,0,0,87.3,75.8,,,248,201,"[13,43-45,47-52,79-83,86,88-92,99-106,110-114,123-126,128-130,132-134,143-144,146-148,150-155,158,160,163-166,169-170,173,175,177,179-180,191-207,209,224-228,235-236]","[11-13,45,60-62,83-85]",,,unrelaxed_model_5_multimer_v3_pred_0.pdb
P09758_and_Q92928,1,4,B,C,0,0,0,0.0109,0.1934,0.026,0,657,0,0.2203,78.7,64.3,0.584,143,12,0,0,86.4,75.3,,,248,201,"[12-13,15-17,31,42-53,78-83,86-118,122-136,141-181,191-207,209,224-230,232,234-236,238]","[11-13,60-62,81,83-85,162,165]",,,unrelaxed_model_4_multimer_v3_pred_0.pdb
P09758_and_Q92928,4,2,B,C,0,0,0,0,0.2127,0,0,0,0,0.1947,78.9,69.2,0.565,0,0,0,0,,,,,248,201,,,,,unrelaxed_model_2_multimer_v3_pred_0.pdb
P09758_and_Q92930,1,2,B,C,0,0,0,0,0.2191,0.0167,0,54,0,0.2066,79.7,71,0.566,41,5,0,0,87.6,83.4,,,248,207,"[48-49,88,92,99-103,106,110,123,125-130,132,134,146,150,153,155,160,165,169-170,175,177-180,192-193,197,199,202-203,234,236]","[11-13,61-62]",,,unrelaxed_model_2_multimer_v3_pred_0.pdb
P09758_and_Q92930,3,1,B,C,0,0,0,0,0.2574,0,0,0,0,0.1865,77.8,67.4,0.556,0,0,0,0,,,,,248,207,,,,,unrelaxed_model_1_multimer_v3_pred_0.pdb
P09758_and_Q92930,4,5,B,C,0,0,0,0,0.1677,0,0,0,0,0.1738,77.5,70.5,0.549,0,0,0,0,,,,,248,207,,,,,unrelaxed_model_5_multimer_v3_pred_0.pdb
P09758_and_Q9H0U4,0,5,B,C,0,0,0,0,0.1968,0.0111,0,23,0,0.2084,77.9,69.2,0.573,19,2,0,0,82.8,88.2,,,248,201,"[51,88,99,101-102,112,114,130,134,155,173,175,177,179,204-206,226,228]","[11,85]",,,unrelaxed_model_5_multimer_v3_pred_0.pdb
P09758_and_Q9H0U4,1,4,B,C,0,0,0,0,0.2059,0.013,0,17,0,0.1988,78.4,69.3,0.572,11,3,0,0,86.2,85.6,,,248,201,"[48,101,133-134,145-146,175,177,179,203-204]","[12-13,85]",,,unrelaxed_model_4_multimer_v3_pred_0.pdb
P09758_and_Q9H0U4,2,3,B,C,0,0,0,0,0.2522,0.0069,0,9,0,0.1942,78.5,67.5,0.567,8,2,0,0,88.8,44.5,,,248,201,"[44,101,104,106,108,153,158,202]",[44-45],,,unrelaxed_model_3_multimer_v3_pred_0.pdb
P09758_and_Q9H0U4,3,2,B,C,0,0,0,0,0.1836,0,0,0,0,0.1904,79,69.2,0.564,0,0,0,0,,,,,248,201,,,,,unrelaxed_model_2_multimer_v3_pred_0.pdb
P09758_and_Q9H0U4,4,1,B,C,0,0,0,0,0.2187,0,0,0,0,0.1821,77.6,68.5,0.561,0,0,0,0,,,,,248,201,,,,,unrelaxed_model_1_multimer_v3_pred_0.pdb
P09758_and_Q9H5V8,0,1,B,C,0,0,0,0,0.4046,0,0,0,0,0.2567,74.4,71.5,0.487,0,0,0,0,,,,,248,836,,,,,unrelaxed_model_1_multimer_v3_pred_0.pdb
P09758_and_Q9H5V8,1,2,B,C,0,0,0,0,0.3082,0,0,0,0,0.2102,75.4,71.4,0.425,0,0,0,0,,,,,248,836,,,,,unrelaxed_model_2_multimer_v3_pred_0.pdb
P09758_and_Q9H5V8,2,3,B,C,0,0,0,0,0.3329,0,0,0,0,0.2101,75.2,69,0.424,0,0,0,0,,,,,248,836,,,,,unrelaxed_model_3_multimer_v3_pred_0.pdb
P09758_and_Q9H5V8,3,4,B,C,0,0,0,0,0.2529,0,0,0,0,0.2102,70.7,69,0.423,0,0,0,0,,,,,248,836,,,,,unrelaxed_model_4_multimer_v3_pred_0.pdb
P09758_and_Q9H5V8,4,5,B,C,0,0,0,0,0.1777,0,0,0,0,0.1816,74.1,69.9,0.442,0,0,0,0,,,,,248,836,,,,,unrelaxed_model_5_multimer_v3_pred_0.pdb
P09758_and_Q9H8M5,0,3,B,C,0,0,0,0,0.2115,0,0,0,0,0.226,74.9,65.2,0.381,0,0,0,0,,,,,248,875,,,,,unrelaxed_model_3_multimer_v3_pred_0.pdb
P09758_and_Q9H8M5,1,5,B,C,0,0,0,0,0.1952,0,0,0,0,0.221,74,63.5,0.348,0,0,0,0,,,,,248,875,,,,,unrelaxed_model_5_multimer_v3_pred_0.pdb
P09758_and_Q9H8M5,2,1,B,C,0,0,0,0,0.1835,0,0,0,0,0.2036,73.3,65.5,0.374,0,0,0,0,,,,,248,875,,,,,unrelaxed_model_1_multimer_v3_pred_0.pdb
P09758_and_Q9H8M5,3,2,B,C,0,0,0,0,0.1806,0,0,0,0,0.2001,76.5,64.1,0.36,0,0,0,0,,,,,248,875,,,,,unrelaxed_model_2_multimer_v3_pred_0.pdb
P09758_and_Q9H8M5,4,4,B,C,0,0,0,0,0.1788,0,0,0,0,0.1971,74.9,63.7,0.35,0,0,0,0,,,,,248,875,,,,,unrelaxed_model_4_multimer_v3_pred_0.pdb
P09758_and_Q9UIW2,0,4,B,C,0,0,0,0,0.442,0,0,0,0,0.3979,66.8,77.7,0.443,0,0,0,0,,,,,248,1896,,,,,unrelaxed_model_4_multimer_v3_pred_0.pdb
P09758_and_Q9UIW2,1,2,B,C,0,0,0,0,0.3971,0,0,0,0,0.3331,67.8,76.9,0.435,0,0,0,0,,,,,248,1896,,,,,unrelaxed_model_2_multimer_v3_pred_0.pdb
P09758_and_Q9UIW2,2,5,B,C,0,0,0,0,0.3336,0,0,0,0,0.327,64.7,77.5,0.426,0,0,0,0,,,,,248,1896,,,,,unrelaxed_model_5_multimer_v3_pred_0.pdb
P09758_and_Q9UIW2,3,3,B,C,0,0,0,0,0.3144,0,0,0,0,0.3192,67.3,79.4,0.434,0,0,0,0,,,,,248,1896,,,,,unrelaxed_model_3_multimer_v3_pred_0.pdb
P09758_and_Q9UIW2,4,1,B,C,0,0,0,0,0.2383,0,0,0,0,0.2189,65.5,77.5,0.409,0,0,0,0,,,,,248,1896,,,,,unrelaxed_model_1_multimer_v3_pred_0.pdb
P09758_and_Q9ULF5,1,4,B,C,0,0,0,0,0.2033,0,0,0,0,0.223,75.2,38.5,0.327,0,0,0,0,,,,,248,831,,,,,unrelaxed_model_4_multimer_v3_pred_0.pdb
P09758_and_Q9ULF5,2,1,B,C,0,0,0,0,0.2904,0,0,0,0,0.2174,78.3,40.3,0.324,0,0,0,0,,,,,248,831,,,,,unrelaxed_model_1_multimer_v3_pred_0.pdb
P09758_and_Q9ULF5,3,5,B,C,0,0,0,0,0.3593,0,0,0,0,0.2088,77.9,38,0.325,0,0,0,0,,,,,248,831,,,,,unrelaxed_model_5_multimer_v3_pred_0.pdb
P09758_and_Q9ULF5,4,2,B,C,0,0,0,0,0.3127,0,0,0,0,0.2005,79.2,40.3,0.324,0,0,0,0,,,,,248,831,,,,,unrelaxed_model_2_multimer_v3_pred_0.pdb
P09758_and_Q9Y624,0,4,B,C,0,0,0,0,0.1289,0,0,0,0,0.1865,77.7,73.1,0.463,0,0,0,0,,,,,248,299,,,,,unrelaxed_model_4_multimer_v3_pred_0.pdb
P09758_and_Q9Y624,1,1,B,C,0,0,0,0,0.1441,0,0,0,0,0.1715,77.9,76.2,0.46,0,0,0,0,,,,,248,299,,,,,unrelaxed_model_1_multimer_v3_pred_0.pdb
P09758_and_Q9Y624,2,5,B,C,0,0,0,0,0.1194,0,0,0,0,0.164,79.3,74.5,0.457,0,0,0,0,,,,,248,299,,,,,unrelaxed_model_5_multimer_v3_pred_0.pdb
P09758_and_Q9Y624,3,2,B,C,0,0,0,0,0.1396,0,0,0,0,0.1356,80.1,76.5,0.473,0,0,0,0,,,,,248,299,,,,,unrelaxed_model_2_multimer_v3_pred_0.pdb
P09758_and_Q9Y624,4,3,B,C,0,0,0,0,0.1091,0,0,0,0,0.1401,79.1,74.3,0.452,0,0,0,0,,,,,248,299,,,,,unrelaxed_model_3_multimer_v3_pred_0.pdb
