residue_model,residue_display,contact_count_all_models,contact_count_iLIS_ge_threshold,unique_partners_all_models,unique_partners_iLIS_ge_threshold,sum_iLIS_for_contacting_models,mean_iLIS_for_contacting_models,max_iLIS_for_contacting_models,fraction_contacting_models_above_threshold,count_iLIS_bin_<0.223,count_iLIS_bin_0.223-0.4,count_iLIS_bin_0.4-0.6,count_iLIS_bin_>=0.6
1,27,0,0,0,0,0.0,0.0,0.0,0.0,0,0,0,0
2,28,0,0,0,0,0.0,0.0,0.0,0.0,0,0,0,0
3,29,0,0,0,0,0.0,0.0,0.0,0.0,0,0,0,0
4,30,0,0,0,0,0.0,0.0,0.0,0.0,0,0,0,0
5,31,2,2,2,2,0.6791,0.33955,0.3402,1.0,0,2,0,0
6,32,0,0,0,0,0.0,0.0,0.0,0.0,0,0,0,0
7,33,4,3,4,3,1.1067,0.276675,0.3402,0.75,1,3,0,0
8,34,2,2,2,2,0.6791,0.33955,0.3402,1.0,0,2,0,0
9,35,4,3,4,3,1.1067,0.276675,0.3402,0.75,1,3,0,0
10,36,1,1,1,1,0.3389,0.3389,0.3389,1.0,0,1,0,0
11,37,0,0,0,0,0.0,0.0,0.0,0.0,0,0,0,0
12,38,0,0,0,0,0.0,0.0,0.0,0.0,0,0,0,0
13,39,2,2,2,2,0.6559999999999999,0.32799999999999996,0.3389,1.0,0,2,0,0
14,40,11,7,9,6,3.2049999999999996,0.2913636363636363,0.5597,0.6363636363636364,4,4,3,0
15,41,13,7,11,6,3.3109999999999995,0.25469230769230766,0.5597,0.5384615384615384,6,4,3,0
16,42,7,6,6,5,2.6532,0.37902857142857144,0.5597,0.8571428571428571,1,3,3,0
17,43,11,7,9,6,3.4991000000000003,0.31810000000000005,0.5597,0.6363636363636364,4,3,4,0
18,44,3,3,3,3,0.9962,0.3320666666666667,0.3402,1.0,0,3,0,0
19,45,7,5,5,4,2.3781999999999996,0.33974285714285707,0.5597,0.7142857142857143,2,2,3,0
20,46,5,4,3,3,1.8201,0.36402,0.5597,0.8,1,2,2,0
21,47,5,4,3,3,1.8201,0.36402,0.5597,0.8,1,2,2,0
22,48,13,3,6,2,2.5523999999999996,0.19633846153846152,0.5597,0.23076923076923078,10,1,2,0
23,49,14,3,6,2,2.5944999999999996,0.18532142857142855,0.5597,0.21428571428571427,11,1,2,0
24,50,9,3,5,2,2.1826,0.2425111111111111,0.5597,0.3333333333333333,6,1,2,0
25,51,10,4,6,3,2.4038000000000004,0.24038000000000004,0.5597,0.4,6,2,2,0
26,52,5,1,3,1,0.9518,0.19036,0.2254,0.2,4,1,0,0
27,53,0,0,0,0,0.0,0.0,0.0,0.0,0,0,0,0
28,54,2,1,1,1,0.5813,0.29065,0.404,0.5,1,0,1,0
29,55,1,1,1,1,0.3389,0.3389,0.3389,1.0,0,1,0,0
30,56,7,5,5,4,2.5434,0.36334285714285713,0.5597,0.7142857142857143,2,1,4,0
31,57,0,0,0,0,0.0,0.0,0.0,0.0,0,0,0,0
32,58,12,6,10,5,3.3386999999999993,0.27822499999999994,0.5597,0.5,6,3,3,0
33,59,11,5,9,4,3.0711999999999997,0.27919999999999995,0.6039,0.45454545454545453,6,1,3,1
34,60,6,3,4,2,1.7764000000000002,0.2960666666666667,0.5597,0.5,3,1,2,0
35,61,7,5,5,4,2.5434,0.36334285714285713,0.5597,0.7142857142857143,2,1,4,0
36,62,8,4,4,3,2.2742,0.284275,0.5597,0.5,4,2,2,0
37,63,4,1,2,1,0.793,0.19825,0.2254,0.25,3,1,0,0
38,64,4,1,2,1,0.793,0.19825,0.2254,0.25,3,1,0,0
39,65,4,1,2,1,0.793,0.19825,0.2254,0.25,3,1,0,0
40,66,0,0,0,0,0.0,0.0,0.0,0.0,0,0,0,0
41,67,0,0,0,0,0.0,0.0,0.0,0.0,0,0,0,0
42,68,0,0,0,0,0.0,0.0,0.0,0.0,0,0,0,0
43,69,0,0,0,0,0.0,0.0,0.0,0.0,0,0,0,0
44,70,0,0,0,0,0.0,0.0,0.0,0.0,0,0,0,0
45,71,1,0,1,0,0.1961,0.1961,0.1961,0.0,1,0,0,0
46,72,159,6,124,6,17.731299999999997,0.11151761006289307,0.3684,0.03773584905660377,153,6,0,0
47,73,4,2,2,2,1.3304,0.3326,0.6039,0.5,2,1,0,1
48,74,3,1,2,1,0.5882,0.19606666666666664,0.2254,0.3333333333333333,2,1,0,0
49,75,25,1,18,1,2.6771000000000003,0.10708400000000001,0.3269,0.04,24,1,0,0
50,76,289,22,199,18,32.4899,0.11242179930795847,0.6039,0.07612456747404844,267,17,4,1
51,77,3,2,1,1,1.141,0.38033333333333336,0.5597,0.6666666666666666,1,0,2,0
52,78,3,1,3,1,0.584,0.19466666666666665,0.3171,0.3333333333333333,2,1,0,0
53,79,169,44,127,33,30.3334,0.17948757396449705,0.6039,0.2603550295857988,125,27,16,1
54,80,78,31,69,27,18.949,0.24293589743589747,0.6039,0.3974358974358974,47,14,16,1
55,81,15,10,13,9,4.9967999999999995,0.33311999999999997,0.6039,0.6666666666666666,5,5,4,1
56,82,27,22,20,16,9.397300000000001,0.3480481481481482,0.5852,0.8148148148148148,5,13,9,0
57,83,24,19,18,14,8.6125,0.3588541666666667,0.5852,0.7916666666666666,5,10,9,0
58,84,36,30,26,22,13.437299999999999,0.3732583333333333,0.5852,0.8333333333333334,6,13,17,0
59,85,19,17,13,11,7.724500000000001,0.4065526315789474,0.5852,0.8947368421052632,2,7,10,0
60,86,19,17,13,11,7.138700000000001,0.375721052631579,0.5852,0.8947368421052632,2,10,7,0
61,87,33,28,24,20,11.744100000000001,0.35588181818181824,0.5852,0.8484848484848485,5,14,14,0
62,88,19,16,13,10,6.9891,0.3678473684210526,0.5659,0.8421052631578947,3,7,9,0
63,89,27,22,18,15,9.5845,0.3549814814814815,0.5659,0.8148148148148148,5,11,11,0
64,90,25,21,17,14,9.370700000000001,0.37482800000000005,0.5907,0.84,4,10,11,0
65,91,15,10,11,8,4.514600000000001,0.30097333333333337,0.5469,0.6666666666666666,5,6,4,0
66,92,38,29,29,22,13.9533,0.36719210526315793,0.6091,0.7631578947368421,9,12,15,2
67,93,28,22,18,13,11.1928,0.3997428571428571,0.6053,0.7857142857142857,6,7,13,2
68,94,27,20,23,16,10.5185,0.3895740740740741,0.6091,0.7407407407407407,7,5,13,2
69,95,50,45,33,29,22.5928,0.45185600000000004,0.6637,0.9,5,11,28,6
70,96,85,66,69,54,30.3245,0.3567588235294118,0.6404,0.7764705882352941,19,32,30,4
71,97,273,182,202,133,88.0448,0.3225084249084249,0.684,0.6666666666666666,91,96,77,9
72,98,458,275,337,201,132.7038,0.289746288209607,0.684,0.6004366812227074,183,168,94,13
73,99,474,239,344,183,124.18689999999998,0.2619976793248945,0.6404,0.5042194092827004,235,160,71,8
74,100,640,316,461,241,160.549,0.2508578125,0.684,0.49375,324,208,96,12
75,101,550,248,398,187,129.1873,0.23488599999999998,0.6637,0.4509090909090909,302,163,75,10
76,102,609,250,427,192,135.4147,0.22235582922824304,0.6404,0.41050903119868637,359,166,75,9
77,103,676,173,436,137,119.2527,0.17640931952662722,0.6039,0.2559171597633136,503,127,44,2
78,104,433,89,311,75,65.0999,0.15034618937644342,0.6039,0.20554272517321015,344,68,20,1
79,105,62,28,55,25,15.452500000000002,0.24923387096774197,0.6039,0.45161290322580644,34,16,11,1
80,106,35,4,29,4,4.4277999999999995,0.12650857142857141,0.6039,0.11428571428571428,31,3,0,1
81,107,3,2,2,1,1.0935,0.3645,0.6039,0.6666666666666666,1,1,0,1
82,108,2,1,2,1,0.8087,0.40435,0.6039,0.5,1,0,0,1
83,109,6,3,4,2,1.7596,0.2932666666666667,0.6039,0.5,3,1,1,1
84,110,5,2,3,2,1.1998,0.23996,0.4068,0.4,3,1,1,0
85,111,5,2,3,2,1.1998,0.23996,0.4068,0.4,3,1,1,0
86,112,3,1,2,1,0.6263000000000001,0.20876666666666668,0.2254,0.3333333333333333,2,1,0,0
87,113,3,3,2,2,1.3794,0.4598,0.6039,1.0,0,1,1,1
88,114,9,3,7,2,2.0401,0.22667777777777776,0.6039,0.3333333333333333,6,2,0,1
89,115,5,3,3,2,1.5548,0.31096,0.6039,0.6,2,1,1,1
90,116,5,3,3,2,1.5548,0.31096,0.6039,0.6,2,1,1,1
91,117,6,3,4,2,1.6175,0.26958333333333334,0.6039,0.5,3,1,1,1
92,118,43,21,38,18,10.217199999999998,0.23760930232558136,0.6039,0.4883720930232558,22,15,5,1
93,119,14,6,11,4,3.3255,0.23753571428571427,0.6039,0.42857142857142855,8,4,1,1
94,120,158,72,128,59,37.3346,0.23629493670886076,0.6039,0.45569620253164556,86,51,20,1
95,121,59,34,53,30,17.0249,0.288557627118644,0.6039,0.576271186440678,25,20,13,1
96,122,120,56,99,45,29.762299999999996,0.24801916666666662,0.6039,0.4666666666666667,64,39,16,1
97,123,71,34,60,27,17.769,0.2502676056338028,0.6039,0.4788732394366197,37,24,9,1
98,124,184,73,146,58,40.7308,0.22136304347826088,0.6039,0.3967391304347826,111,52,19,2
99,125,9,3,8,2,2.0144,0.22382222222222226,0.6039,0.3333333333333333,6,2,0,1
100,126,188,41,153,33,29.336999999999996,0.15604787234042553,0.6039,0.21808510638297873,147,28,11,2
101,127,28,3,26,2,3.5486000000000004,0.1267357142857143,0.6039,0.10714285714285714,25,2,0,1
102,128,381,19,281,17,40.4918,0.10627769028871391,0.6039,0.049868766404199474,362,16,2,1
103,129,1384,149,684,113,180.13819999999998,0.13015765895953757,0.6404,0.10765895953757225,1235,116,28,5
104,130,22,3,21,2,3.0623,0.13919545454545454,0.6039,0.13636363636363635,19,2,0,1
105,131,1700,107,785,86,182.065,0.1070970588235294,0.6039,0.06294117647058824,1593,94,12,1
106,132,1076,53,555,46,116.46860000000001,0.1082421933085502,0.6039,0.04925650557620818,1023,47,5,1
107,133,3201,309,1327,229,354.74569999999994,0.11082339893783191,0.6637,0.09653233364573571,2892,230,70,9
108,134,2481,318,1170,244,314.74120000000005,0.12686062071745266,0.6637,0.12817412333736397,2163,232,74,12
109,135,1614,216,817,165,223.1764,0.13827534076827758,0.6404,0.13382899628252787,1398,160,47,9
110,136,104,19,94,15,14.8008,0.14231538461538462,0.6039,0.18269230769230768,85,14,4,1
111,137,401,153,305,121,83.8505,0.20910349127182043,0.6637,0.38154613466334164,248,117,30,6
112,138,400,157,291,119,83.70519999999999,0.20926299999999998,0.6141,0.3925,243,118,35,4
113,139,69,35,51,26,17.4301,0.25261014492753625,0.6039,0.5072463768115942,34,24,9,2
114,140,46,23,37,16,11.873599999999998,0.25812173913043474,0.6039,0.5,23,16,6,1
115,141,9,3,7,2,2.1902999999999997,0.24336666666666662,0.6039,0.3333333333333333,6,1,1,1
116,142,9,6,7,4,2.9791000000000003,0.33101111111111114,0.6039,0.6666666666666666,3,2,3,1
117,143,9,4,8,3,2.6426,0.29362222222222223,0.6039,0.4444444444444444,5,1,2,1
118,144,10,5,8,4,2.7206,0.27206,0.6039,0.5,5,2,2,1
119,145,6,3,4,2,1.6756,0.27926666666666666,0.6039,0.5,3,1,1,1
120,146,6,3,4,2,1.6207,0.27011666666666667,0.6039,0.5,3,1,1,1
121,147,4,3,2,2,1.4339,0.358475,0.6039,0.75,1,1,1,1
122,148,5,3,3,2,1.5548,0.31096,0.6039,0.6,2,1,1,1
123,149,131,14,108,12,17.253800000000002,0.1317083969465649,0.6039,0.10687022900763359,117,11,2,1
124,150,14,8,11,5,4.0732,0.2909428571428571,0.6039,0.5714285714285714,6,4,3,1
125,151,900,50,500,41,99.3606,0.11040066666666667,0.6039,0.05555555555555555,850,46,3,1
126,152,93,48,64,33,24.0446,0.25854408602150536,0.6058,0.5161290322580645,45,30,14,4
127,153,1139,244,651,171,192.84250000000003,0.1693086040386304,0.6668,0.21422300263388938,895,154,76,14
128,154,613,10,387,10,59.5773,0.09718972267536705,0.6039,0.01631321370309951,603,8,1,1
129,155,2642,351,1155,245,349.5395,0.13230109765329295,0.684,0.1328538985616957,2291,232,99,20
130,156,361,10,258,10,36.4923,0.10108670360110804,0.437,0.027700831024930747,351,6,4,0
131,157,1737,275,890,200,247.6449,0.14257046632124354,0.684,0.15831894070236038,1462,183,77,15
132,158,48,6,42,5,6.932600000000001,0.1444291666666667,0.4091,0.125,42,5,1,0
133,159,133,64,112,53,34.222,0.25730827067669176,0.6668,0.48120300751879697,69,40,20,4
134,160,2,1,2,1,0.4972,0.2486,0.3089,0.5,1,1,0,0
135,161,7,6,6,5,2.5805000000000002,0.36864285714285716,0.5469,0.8571428571428571,1,3,3,0
136,162,8,6,7,6,2.0978,0.262225,0.3423,0.75,2,6,0,0
137,163,1,1,1,1,0.29,0.29,0.29,1.0,0,1,0,0
138,164,1,1,1,1,0.29,0.29,0.29,1.0,0,1,0,0
139,165,5,3,4,3,1.0969,0.21938,0.3423,0.6,2,3,0,0
140,166,5,3,4,3,1.0969,0.21938,0.3423,0.6,2,3,0,0
141,167,0,0,0,0,0.0,0.0,0.0,0.0,0,0,0,0
142,168,3,2,3,2,0.6592,0.21973333333333334,0.3423,0.6666666666666666,1,2,0,0
143,169,14,10,12,9,4.0169999999999995,0.28692857142857137,0.5128,0.7142857142857143,4,7,3,0
144,170,6,4,6,4,1.3333,0.22221666666666665,0.3018,0.6666666666666666,2,4,0,0
145,171,3,1,3,1,0.5365000000000001,0.17883333333333337,0.273,0.3333333333333333,2,1,0,0
146,172,0,0,0,0,0.0,0.0,0.0,0.0,0,0,0,0
147,173,4,2,3,2,0.8739000000000001,0.21847500000000003,0.2692,0.5,2,2,0,0
148,174,5,3,4,3,1.1469,0.22938,0.273,0.6,2,3,0,0
149,175,0,0,0,0,0.0,0.0,0.0,0.0,0,0,0,0
150,176,0,0,0,0,0.0,0.0,0.0,0.0,0,0,0,0
151,177,4,2,3,2,0.8739000000000001,0.21847500000000003,0.2692,0.5,2,2,0,0
152,178,1,1,1,1,0.2403,0.2403,0.2403,1.0,0,1,0,0
153,179,0,0,0,0,0.0,0.0,0.0,0.0,0,0,0,0
154,180,0,0,0,0,0.0,0.0,0.0,0.0,0,0,0,0
155,181,1,1,1,1,0.2403,0.2403,0.2403,1.0,0,1,0,0
156,182,0,0,0,0,0.0,0.0,0.0,0.0,0,0,0,0
157,183,0,0,0,0,0.0,0.0,0.0,0.0,0,0,0,0
158,184,0,0,0,0,0.0,0.0,0.0,0.0,0,0,0,0
159,185,0,0,0,0,0.0,0.0,0.0,0.0,0,0,0,0
160,186,0,0,0,0,0.0,0.0,0.0,0.0,0,0,0,0
161,187,0,0,0,0,0.0,0.0,0.0,0.0,0,0,0,0
162,188,4,2,3,2,0.8739000000000001,0.21847500000000003,0.2692,0.5,2,2,0,0
163,189,3,2,2,2,0.6543000000000001,0.21810000000000004,0.2692,0.6666666666666666,1,2,0,0
164,190,0,0,0,0,0.0,0.0,0.0,0.0,0,0,0,0
165,191,1,1,1,1,0.2403,0.2403,0.2403,1.0,0,1,0,0
166,192,74,40,57,31,19.4799,0.2632418918918919,0.6058,0.5405405405405406,34,24,13,3
167,193,246,127,156,84,66.6856,0.27107967479674794,0.684,0.516260162601626,119,74,40,13
168,194,11,8,8,6,3.5384,0.3216727272727273,0.4811,0.7272727272727273,3,3,5,0
169,195,525,189,309,127,114.67859999999999,0.21843542857142856,0.684,0.36,336,110,65,14
170,196,30,22,20,16,8.5192,0.2839733333333333,0.5879,0.7333333333333333,8,18,4,0
171,197,308,146,197,103,79.43099999999998,0.2578928571428571,0.684,0.474025974025974,162,82,54,10
172,198,24,21,17,15,8.6033,0.35847083333333335,0.6668,0.875,3,12,8,1
173,199,37,27,30,22,12.2213,0.3303054054054054,0.6668,0.7297297297297297,10,16,8,3
174,200,443,164,284,124,97.2201,0.21945846501128669,0.684,0.37020316027088035,279,103,52,9
175,201,16,6,14,6,3.338,0.208625,0.5879,0.375,10,4,2,0
176,202,882,226,478,158,159.832,0.1812154195011338,0.684,0.2562358276643991,656,135,77,14
177,203,11,0,11,0,1.0738999999999999,0.09762727272727272,0.1357,0.0,11,0,0,0
178,204,467,134,290,96,92.67229999999999,0.19844175588865096,0.684,0.28693790149892934,333,80,39,15
179,205,11,0,11,0,0.8155999999999999,0.07414545454545453,0.1692,0.0,11,0,0,0
180,206,54,23,44,17,14.1524,0.26208148148148147,0.6058,0.42592592592592593,31,8,11,4
181,207,0,0,0,0,0.0,0.0,0.0,0.0,0,0,0,0
182,208,23,15,15,11,7.8425,0.34097826086956523,0.5891,0.6521739130434783,8,5,10,0
183,209,6,5,3,3,2.3198,0.38663333333333333,0.5891,0.8333333333333334,1,2,3,0
184,210,7,6,4,4,2.5730999999999997,0.36758571428571424,0.5891,0.8571428571428571,1,3,3,0
185,211,3,2,2,2,0.9742,0.3247333333333333,0.5891,0.6666666666666666,1,1,1,0
186,212,0,0,0,0,0.0,0.0,0.0,0.0,0,0,0,0
187,213,0,0,0,0,0.0,0.0,0.0,0.0,0,0,0,0
188,214,1,0,1,0,0.1961,0.1961,0.1961,0.0,1,0,0,0
189,215,1,0,1,0,0.1961,0.1961,0.1961,0.0,1,0,0,0
190,216,0,0,0,0,0.0,0.0,0.0,0.0,0,0,0,0
191,217,0,0,0,0,0.0,0.0,0.0,0.0,0,0,0,0
192,218,0,0,0,0,0.0,0.0,0.0,0.0,0,0,0,0
193,219,3,0,3,0,0.2101,0.07003333333333334,0.1088,0.0,3,0,0,0
194,220,99,1,87,1,9.818200000000001,0.09917373737373739,0.2246,0.010101010101010102,98,1,0,0
195,221,0,0,0,0,0.0,0.0,0.0,0.0,0,0,0,0
196,222,0,0,0,0,0.0,0.0,0.0,0.0,0,0,0,0
197,223,645,28,411,26,68.3286,0.10593581395348836,0.5376,0.043410852713178294,617,24,4,0
198,224,718,48,419,38,79.91,0.11129526462395543,0.4766,0.06685236768802229,670,46,2,0
199,225,7,0,7,0,0.5901,0.0843,0.1595,0.0,7,0,0,0
200,226,45,2,39,2,5.4426000000000005,0.12094666666666667,0.4091,0.044444444444444446,43,1,1,0
201,227,1782,149,827,112,200.6524,0.11259955106621773,0.6404,0.08361391694725027,1633,120,26,3
202,228,299,15,217,14,31.978,0.10694983277591974,0.5659,0.05016722408026756,284,13,2,0
203,229,5,1,5,1,0.7277,0.14554,0.3184,0.2,4,1,0,0
204,230,407,50,286,43,57.4821,0.14123366093366094,0.6404,0.12285012285012285,357,39,10,1
205,231,904,128,520,103,123.795,0.13694137168141593,0.6404,0.1415929203539823,776,105,21,2
206,232,62,32,51,25,15.999500000000001,0.25805645161290325,0.6404,0.5161290322580645,30,23,8,1
207,233,174,40,141,31,28.441300000000002,0.1634557471264368,0.5852,0.22988505747126436,134,31,9,0
208,234,1,0,1,0,0.1892,0.1892,0.1892,0.0,1,0,0,0
209,235,3,2,3,2,0.7331000000000001,0.2443666666666667,0.3171,0.6666666666666666,1,2,0,0
210,236,1,1,1,1,0.3171,0.3171,0.3171,1.0,0,1,0,0
211,237,4,3,4,3,1.1067,0.276675,0.3402,0.75,1,3,0,0
212,238,3,2,3,2,0.7678,0.25593333333333335,0.3402,0.6666666666666666,1,2,0,0
213,239,1,0,1,0,0.1105,0.1105,0.1105,0.0,1,0,0,0
214,240,0,0,0,0,0.0,0.0,0.0,0.0,0,0,0,0
215,241,0,0,0,0,0.0,0.0,0.0,0.0,0,0,0,0
216,242,0,0,0,0,0.0,0.0,0.0,0.0,0,0,0,0
217,243,0,0,0,0,0.0,0.0,0.0,0.0,0,0,0,0
218,244,0,0,0,0,0.0,0.0,0.0,0.0,0,0,0,0
219,245,0,0,0,0,0.0,0.0,0.0,0.0,0,0,0,0
220,246,0,0,0,0,0.0,0.0,0.0,0.0,0,0,0,0
221,247,1,1,1,1,0.273,0.273,0.273,1.0,0,1,0,0
222,248,0,0,0,0,0.0,0.0,0.0,0.0,0,0,0,0
223,249,0,0,0,0,0.0,0.0,0.0,0.0,0,0,0,0
224,250,0,0,0,0,0.0,0.0,0.0,0.0,0,0,0,0
225,251,0,0,0,0,0.0,0.0,0.0,0.0,0,0,0,0
226,252,14,8,11,5,4.8535,0.34667857142857145,0.6404,0.5714285714285714,6,2,5,1
227,253,88,38,73,31,21.076999999999998,0.2395113636363636,0.6404,0.4318181818181818,50,29,8,1
228,254,140,67,110,53,34.370000000000005,0.24550000000000002,0.6404,0.4785714285714286,73,52,14,1
229,255,701,184,481,143,128.9175,0.18390513552068471,0.684,0.2624821683309558,517,125,50,9
230,256,1593,149,765,114,191.72269999999997,0.12035323289391084,0.6404,0.09353421217827998,1444,112,33,4
231,257,3733,411,1538,296,426.26419999999996,0.11418810608090008,0.684,0.11009911599249933,3322,283,110,18
232,258,3286,278,1314,205,337.29749999999996,0.10264683505782105,0.6637,0.08460133901399879,3008,203,64,11
233,259,4168,422,1637,297,451.53510000000006,0.10833375719769675,0.684,0.10124760076775433,3746,292,110,20
234,260,3451,299,1416,214,362.0129999999999,0.1049008982903506,0.6637,0.08664155317299334,3152,210,75,14
235,261,2859,383,1246,267,371.1234,0.12980881427072402,0.684,0.13396292409933544,2476,262,101,20
236,262,1901,250,919,184,252.42350000000002,0.1327845870594424,0.684,0.1315097317201473,1651,175,62,13
237,263,177,66,129,49,40.2814,0.2275785310734463,0.6668,0.3728813559322034,111,44,18,4
238,264,271,94,202,71,56.844500000000004,0.20975830258302583,0.6668,0.34686346863468637,177,69,22,3
239,265,1388,370,788,262,259.6959,0.1871007925072046,0.684,0.2665706051873199,1018,255,95,20
240,266,2150,423,1024,300,345.51890000000003,0.1607064651162791,0.684,0.19674418604651162,1727,304,101,18
241,267,220,115,175,94,56.702600000000004,0.2577390909090909,0.6637,0.5227272727272727,105,83,26,6
242,268,1171,422,738,289,249.65499999999997,0.213198121263877,0.684,0.36037574722459437,749,296,109,17
243,269,459,230,298,160,112.0752,0.24417254901960783,0.6637,0.5010893246187363,229,175,47,8
244,270,1035,396,621,255,212.445,0.20526086956521739,0.684,0.3826086956521739,639,284,98,14
245,271,845,280,492,191,158.8433,0.18798023668639052,0.6637,0.33136094674556216,565,216,57,7
246,272,1043,252,584,170,155.41,0.14900287631831255,0.6141,0.24161073825503357,791,195,50,7
247,273,1310,324,701,209,196.5324,0.15002473282442746,0.6637,0.24732824427480915,986,222,89,13
248,274,936,204,473,126,130.9126,0.1398638888888889,0.6637,0.21794871794871795,732,163,36,5
